Date,Open,High,Low,Close,Adj Close,Volume,SMA15,SMA50,Buy,Sell
2018-01-02,1048.339966,1066.939941,1045.22998,1065.0,1065.0,1237600,,,,
2018-01-03,1064.310059,1086.290039,1063.209961,1082.47998,1082.47998,1430200,,,,
2018-01-04,1088.0,1093.569946,1084.001953,1086.400024,1086.400024,1004600,,,,
2018-01-05,1094.0,1104.25,1092.0,1102.22998,1102.22998,1279100,,,,
2018-01-08,1102.22998,1111.27002,1101.619995,1106.939941,1106.939941,1047600,,,,
2018-01-09,1109.400024,1110.569946,1101.230957,1106.26001,1106.26001,902500,,,,
2018-01-10,1097.099976,1104.599976,1096.109985,1102.609985,1102.609985,1042800,,,,
2018-01-11,1106.300049,1106.525024,1099.589966,1105.52002,1105.52002,978300,,,,
2018-01-12,1102.410034,1124.290039,1101.150024,1122.26001,1122.26001,1720500,,,,
2018-01-16,1132.51001,1139.910034,1117.8320310000001,1121.76001,1121.76001,1575300,,,,
2018-01-17,1126.219971,1132.599976,1117.01001,1131.97998,1131.97998,1202600,,,,
2018-01-18,1131.410034,1132.51001,1117.5,1129.790039,1129.790039,1198200,,,,
2018-01-19,1131.829956,1137.859985,1128.300049,1137.51001,1137.51001,1778200,,,,
2018-01-22,1137.48999,1159.880005,1135.109985,1155.810059,1155.810059,1618000,,,,
2018-01-23,1159.849976,1171.626953,1158.75,1169.969971,1169.969971,1333100,,,,
2018-01-24,1177.329956,1179.859985,1161.050049,1164.23999,1164.23999,1416600,1121.7173339333335,,,
2018-01-25,1172.530029,1175.939941,1162.76001,1170.369995,1170.369995,1480500,1127.5766682666667,,,
2018-01-26,1175.079956,1175.839966,1158.109985,1175.839966,1175.839966,2018800,1133.5393310666666,,,
2018-01-29,1176.47998,1186.890015,1171.97998,1175.579956,1175.579956,1378900,1138.4293294666666,,,
2018-01-30,1167.829956,1176.52002,1163.52002,1163.689941,1163.689941,1556300,1142.2126627999999,,,
2018-01-31,1170.569946,1173.0,1159.130005,1169.939941,1169.939941,1538700,1146.4579915333334,,,
2018-02-01,1162.609985,1174.0,1157.52002,1167.699951,1167.699951,2412100,1150.7973226,,,
2018-02-02,1122.0,1123.069946,1107.277954,1111.900024,1111.900024,4857900,1151.2226561999996,,,
2018-02-05,1090.599976,1110.0,1052.030029,1055.800049,1055.800049,3798300,1146.7919921333332,,,
2018-02-06,1027.180054,1081.709961,1023.137024,1080.599976,1080.599976,3448000,1144.0479898666667,,,
2018-02-07,1081.540039,1081.780029,1048.26001,1048.579956,1048.579956,2369200,1138.4879882666671,,,
2018-02-08,1055.410034,1058.619995,1000.659973,1001.5200199999999,1001.5200199999999,2859100,1129.9366536666666,,,
2018-02-09,1017.25,1043.969971,992.5599980000001,1037.780029,1037.780029,3505900,1123.2879882666666,,,
2018-02-12,1048.0,1061.5,1040.9279789999996,1051.939941,1051.939941,2057700,1116.3633137333334,,,
2018-02-13,1045.0,1058.369995,1044.087036,1052.099976,1052.099976,1265100,1108.5053140666666,,,
2018-02-14,1048.949951,1071.719971,1046.75,1069.699951,1069.699951,1555800,1102.2026448,,,
2018-02-15,1079.069946,1091.4790039999998,1064.339966,1089.52002,1089.52002,1843400,1096.8126464666668,,,
2018-02-16,1088.410034,1104.670044,1088.3129880000001,1094.800049,1094.800049,1679500,1091.4099853333332,,,
2018-02-20,1090.569946,1113.949951,1088.52002,1102.459961,1102.459961,1423100,1086.5353189999996,,,
2018-02-21,1106.469971,1133.969971,1106.329956,1111.339966,1111.339966,1512900,1083.0453206666666,,,
2018-02-22,1116.189941,1122.819946,1102.589966,1106.630005,1106.630005,1317200,1078.8246582666666,,,
2018-02-23,1112.640015,1127.280029,1104.713989,1126.790039,1126.790039,1261000,1076.0973308,,,
2018-02-26,1127.800049,1143.959961,1126.694946,1143.75,1143.75,1559100,1078.2206625333333,,,
2018-02-27,1141.23999,1144.040039,1118.0,1118.290039,1118.290039,1774100,1082.3866618666666,,,
2018-02-28,1123.030029,1127.530029,1103.23999,1104.72998,1104.72998,1882600,1083.9953288,,,
2018-03-01,1107.869995,1110.119995,1067.000977,1069.52002,1069.52002,2515900,1085.3913330666667,,,
2018-03-02,1053.079956,1081.999023,1048.11499,1078.920044,1078.920044,2271600,1090.5513346666667,,,
2018-03-05,1075.140015,1097.099976,1069.0,1090.930054,1090.930054,1202200,1094.0946696666665,,,
2018-03-06,1099.219971,1101.849976,1089.775024,1095.060059,1095.060059,1532800,1096.9693442,,,
2018-03-07,1089.189941,1112.219971,1085.482056,1109.640015,1109.640015,1292500,1100.8053467999996,,,
2018-03-08,1115.319946,1127.599976,1112.800049,1126.0,1126.0,1355100,1104.5586833999996,,,
2018-03-09,1136.0,1160.800049,1132.4610599999999,1160.040039,1160.040039,2128000,1109.2600180000004,,,
2018-03-12,1163.849976,1177.050049,1157.420044,1164.5,1164.5,2172300,1113.9066814,,,
2018-03-13,1170.0,1176.76001,1133.329956,1138.170044,1138.170044,1907200,1116.2873535999997,,,
2018-03-14,1145.209961,1158.589966,1141.439941,1149.48999,1149.48999,1291400,1118.8306885333334,,,
2018-03-15,1149.959961,1161.079956,1134.540039,1149.579956,1149.579956,1395400,1121.6940186,1113.77919922,,
2018-03-16,1154.140015,1155.880005,1131.959961,1135.72998,1135.72998,3092000,1122.2900146666666,1114.84419922,,
2018-03-19,1120.01001,1121.98999,1089.01001,1099.819946,1099.819946,2805900,1119.3613444,1115.1125976599997,,
2018-03-20,1099.0,1105.199951,1083.459961,1097.709961,1097.709961,1831900,1117.9893392,1115.0221972799998,,
2018-03-21,1092.73999,1106.300049,1085.150024,1090.880005,1090.880005,1878900,1117.0660075333333,1114.7009985599998,,
2018-03-22,1081.880005,1082.900024,1045.910034,1049.079956,1049.079956,2667000,1115.7033365999996,1113.55739748,,
2018-03-23,1047.030029,1063.359985,1021.2199710000001,1021.570007,1021.570007,2156700,1111.8800007999996,1111.9365979199997,,1111.9082993599995
2018-03-26,1046.0,1055.630005,1008.400024,1053.209961,1053.209961,2665100,1109.3653279333332,1110.8903967399997,,
2018-03-27,1063.0,1064.838989,996.919983,1005.099976,1005.099976,3095300,1103.3679890666667,1108.5471960599998,,
2018-03-28,998.0,1024.22998,980.6400150000001,1004.5599980000001,1004.5599980000001,3369300,1096.3626545999996,1106.2031958199998,,
2018-03-29,1011.6300050000001,1043.0,1002.900024,1031.790039,1031.790039,2726800,1090.0819905333333,1104.199397,,
2018-04-02,1022.820007,1034.800049,990.3699949999999,1006.4699710000001,1006.4699710000001,2680400,1079.843986,1101.73299564,,
2018-04-03,1013.909973,1020.98999,994.070007,1013.409973,1013.409973,2275100,1069.7713175333333,1099.2509949,,
2018-04-04,993.409973,1028.718018,993.0,1025.140015,1025.140015,2484700,1062.2359822666667,1096.63759402,,
2018-04-05,1041.329956,1042.790039,1020.130981,1027.810059,1027.810059,1363000,1054.1239868666667,1093.7943957799996,,
2018-04-06,1020.0,1031.420044,1003.0300289999999,1007.0399779999999,1007.0399779999999,1746400,1044.6213216666667,1090.65039554,,
2018-04-09,1016.7999880000001,1039.599976,1014.080017,1015.4500119999999,1015.4500119999999,1751600,1036.6026571333334,1087.5519958799996,,
2018-04-10,1026.439941,1036.280029,1011.340027,1031.640015,1031.640015,1974500,1032.0573284,1084.66799686,,
2018-04-11,1027.98999,1031.364014,1015.8699949999999,1019.9699710000001,1019.9699710000001,1483900,1026.8746624,1081.55579716,,
2018-04-12,1025.040039,1040.689941,1021.4349980000001,1032.51001,1032.51001,1357000,1022.9833294,1078.9321985399997,,
2018-04-13,1040.880005,1046.420044,1022.9799800000001,1029.27002,1029.27002,1223000,1021.662667,1076.1188001199996,,
2018-04-16,1037.0,1043.23999,1026.73999,1037.97998,1037.97998,1211200,1022.7566652,1073.5244007000001,,
2018-04-17,1051.369995,1077.880005,1048.26001,1074.160034,1074.160034,2320300,1024.1533367333334,1072.7696009,,
2018-04-18,1077.430054,1077.430054,1066.224976,1072.079956,1072.079956,1344100,1028.6186687333334,1073.09519904,,
2018-04-19,1069.400024,1094.165039,1068.180054,1087.699951,1087.699951,1747700,1034.1613322666667,1073.23719854,,
2018-04-20,1082.0,1092.349976,1069.569946,1072.959961,1072.959961,1889700,1036.9059937333334,1073.72479864,,
2018-04-23,1077.859985,1082.719971,1060.699951,1067.449951,1067.449951,2341300,1040.9713257333333,1075.04339726,,
2018-04-24,1052.0,1057.0,1010.590027,1019.9799800000001,1019.9799800000001,4760300,1041.4093262,1074.6873962799998,,
2018-04-25,1025.52002,1032.48999,1015.3099980000001,1021.179993,1021.179993,2391100,1041.1453247333334,1074.07219732,,
2018-04-26,1029.51001,1047.97998,1018.1900019999999,1040.040039,1040.040039,2079500,1041.9606567333335,1073.83099858,,
2018-04-27,1046.0,1049.5,1025.589966,1030.050049,1030.050049,1619800,1043.4946614666667,1073.03800054,,
2018-04-30,1030.01001,1037.0,1016.849976,1017.330017,1017.330017,1671300,1043.6199951333333,1071.59420048,,
2018-05-01,1013.659973,1038.469971,1008.2100220000001,1037.310059,1037.310059,1427900,1043.9979980666667,1070.44440068,,
2018-05-02,1028.099976,1040.389038,1022.8699949999999,1024.380005,1024.380005,1603100,1044.2920003333334,1068.8828015600004,,
2018-05-03,1019.0,1029.675049,1006.2899779999999,1023.7199710000001,1023.7199710000001,1815100,1043.7059977333333,1067.1304016600004,,
2018-05-04,1016.900024,1048.51001,1016.900024,1048.209961,1048.209961,1938700,1044.9686604666667,1065.9620007800004,,
2018-05-07,1049.22998,1061.680054,1047.099976,1054.790039,1054.790039,1466100,1046.0893310666663,1064.5220007800003,,
2018-05-08,1058.540039,1060.550049,1047.14502,1053.910034,1053.910034,1217700,1044.7393310666666,1062.7252014600003,,
2018-05-09,1058.099976,1085.439941,1056.36499,1082.76001,1082.76001,2032800,1045.4513346666668,1062.0146008800002,,
2018-05-10,1086.030029,1100.439941,1085.640015,1097.569946,1097.569946,1443000,1046.1093343333334,1061.8714002000004,,
2018-05-11,1093.599976,1101.329956,1090.910034,1098.26001,1098.26001,1253700,1047.7960042666666,1062.4462,,
2018-05-14,1100.0,1110.75,1099.109985,1100.199951,1100.199951,1518100,1049.9793376,1062.8717981400002,,
2018-05-15,1090.0,1090.050049,1073.469971,1079.22998,1079.22998,1494900,1053.9293375999996,1062.63779666,,
2018-05-16,1077.310059,1089.27002,1076.26001,1081.77002,1081.77002,1097300,1057.9686727333333,1062.37199588,,
2018-05-17,1079.890015,1086.869995,1073.5,1078.589966,1078.589966,1043800,1060.5386678666666,1061.7509948999998,,
2018-05-18,1061.859985,1069.939941,1060.680054,1066.359985,1066.359985,1565200,1062.9593302666667,1060.5581946,1061.7587624333332,
2018-05-21,1074.060059,1088.0,1073.650024,1079.579956,1079.579956,1023200,1067.1093262,1058.94899294,,
2018-05-22,1083.560059,1086.589966,1066.689941,1069.72998,1069.72998,1090000,1069.2706542666667,1057.0535925400004,,
2018-05-23,1065.130005,1080.780029,1061.709961,1079.689941,1079.689941,1060700,1072.9579833333337,1055.8839904800002,,
2018-05-24,1079.0,1080.469971,1066.150024,1079.23999,1079.23999,766800,1076.6593179333333,1054.47899048,,
2018-05-25,1079.02002,1082.560059,1073.775024,1075.660034,1075.660034,899400,1078.4893228,1053.00059204,,
2018-05-29,1064.890015,1073.369995,1055.219971,1060.319946,1060.319946,1865100,1078.8579832666667,1051.49239136,,
2018-05-30,1063.030029,1069.209961,1056.829956,1067.800049,1067.800049,1138500,1079.7839842666667,1050.8519934199996,,
2018-05-31,1067.560059,1097.189941,1067.560059,1084.98999,1084.98999,3088300,1079.9326495999999,1050.5975939999996,,
2018-06-01,1099.349976,1120.0,1098.5,1119.5,1119.5,2421600,1081.3946532,1051.1699938999998,,
2018-06-04,1122.329956,1141.890015,1122.005005,1139.290039,1139.290039,1889600,1084.1299884666666,1052.97419556,,
2018-06-05,1140.98999,1145.7380369999996,1133.189941,1139.660034,1139.660034,1678000,1086.7606606666666,1055.3359961,,
2018-06-06,1142.170044,1143.0,1125.743042,1136.880005,1136.880005,1698200,1090.6039956666666,1057.0093969799998,,
2018-06-07,1131.319946,1135.819946,1116.52002,1123.859985,1123.859985,1520000,1093.4099933333334,1059.38459716,,
2018-06-08,1118.180054,1126.670044,1112.150024,1120.869995,1120.869995,1290800,1096.2286619333333,1061.7107971,,
2018-06-11,1118.599976,1137.26001,1118.599976,1129.98999,1129.98999,1079300,1100.4706622666667,1063.67479612,,
2018-06-12,1131.069946,1139.790039,1130.734985,1139.319946,1139.319946,912000,1104.4533282666666,1066.33179562,,
2018-06-13,1141.119995,1146.5,1133.380005,1134.790039,1134.790039,1506400,1108.7906655333334,1068.7593969399998,,
2018-06-14,1143.849976,1155.469971,1140.640015,1152.119995,1152.119995,1343400,1113.6193357999996,1071.29899654,,
2018-06-15,1148.859985,1153.420044,1143.484985,1152.26001,1152.26001,2122500,1118.4873371333333,1073.78799556,,
2018-06-18,1143.650024,1174.310059,1143.589966,1173.459961,1173.459961,1413700,1125.0073322666665,1077.1163952199997,,
2018-06-19,1158.5,1171.27002,1154.01001,1168.060059,1168.060059,1621000,1132.1900064666665,1080.16859616,,
2018-06-20,1175.310059,1186.286011,1169.160034,1169.839966,1169.839966,1648500,1138.9926675999998,1082.93259518,,
2018-06-21,1174.849976,1177.295044,1152.232056,1157.660034,1157.660034,1238100,1143.8373372,1085.6863964400004,,
2018-06-22,1159.140015,1162.496948,1147.26001,1155.47998,1155.47998,1311000,1146.2360025333332,1088.14579584,,
2018-06-25,1143.599976,1143.910034,1112.780029,1124.810059,1124.810059,2157300,1145.270670533333,1090.0565966200004,,
2018-06-26,1128.0,1133.209961,1116.659058,1118.459961,1118.459961,1563200,1143.857332333333,1091.66619624,,
2018-06-27,1121.339966,1131.8360599999999,1103.619995,1103.97998,1103.97998,1293900,1141.6639973333329,1092.2625951599996,,
2018-06-28,1102.089966,1122.310059,1096.01001,1114.219971,1114.219971,1072400,1141.0213297333332,1093.1053954600004,,
2018-06-29,1120.0,1128.227051,1115.0,1115.650024,1115.650024,1315100,1140.6733316666666,1093.6643969200004,,
2018-07-02,1099.0,1128.0,1093.800049,1127.459961,1127.459961,1217300,1140.5046630666666,1094.75439692,,
2018-07-03,1135.819946,1135.819946,1100.02002,1102.890015,1102.890015,679000,1138.076001,1095.4631982,,
2018-07-05,1110.530029,1127.5,1108.47998,1124.27002,1124.27002,1066700,1137.3746664,1097.548999,,
2018-07-06,1123.579956,1140.930054,1120.737061,1140.170044,1140.170044,996100,1136.5780029999999,1099.9288000200004,,
2018-07-09,1148.47998,1154.670044,1143.420044,1154.050049,1154.050049,909000,1136.6973389333332,1102.20900022,,
2018-07-10,1156.97998,1159.589966,1149.589966,1152.839966,1152.839966,798400,1135.3226726,1104.66479856,,
2018-07-11,1144.589966,1164.290039,1141.0,1153.900024,1153.900024,1120000,1134.3786702666666,1107.3961987,,
2018-07-12,1159.890015,1184.410034,1155.935059,1183.47998,1183.47998,1251900,1135.2880045333334,1110.31959712,,
2018-07-13,1185.0,1195.416992,1180.0,1188.819946,1188.819946,1221900,1137.365332,1113.6083959400003,,
2018-07-16,1189.390015,1191.0,1179.280029,1183.859985,1183.859985,1055700,1139.2573323333334,1116.81119622,,
2018-07-17,1172.219971,1203.040039,1170.599976,1198.800049,1198.800049,1610400,1144.1899983333335,1119.8229979800003,,
2018-07-18,1196.560059,1204.5,1190.339966,1195.880005,1195.880005,1393600,1149.3513346,1122.6447973000004,,
2018-07-19,1191.0,1200.0,1183.319946,1186.959961,1186.959961,1276700,1154.8833333333334,1125.3057958400002,,
2018-07-20,1186.959961,1196.859985,1184.219971,1184.910034,1184.910034,1247400,1159.5960042000004,1127.3487963200002,,
2018-07-23,1181.01001,1206.48999,1181.0,1205.5,1205.5,2619200,1165.5860025999998,1129.5073974000004,,
2018-07-24,1262.589966,1266.0,1235.560059,1248.079956,1248.079956,3318200,1173.6273356000004,1132.5037963200002,,
2018-07-25,1239.130005,1265.859985,1239.130005,1263.699951,1263.699951,2127800,1184.347998,1135.7737963200002,,
2018-07-26,1251.0,1269.7709960000002,1249.02002,1268.329956,1268.329956,2405600,1193.9519937333332,1139.5557958400002,,
2018-07-27,1271.0,1273.890015,1231.0,1238.5,1238.5,2130600,1200.5073241333334,1142.6903954400002,,
2018-07-30,1228.01001,1234.9160160000001,1211.469971,1219.73999,1219.73999,1849900,1204.8866535333332,1145.5133959200002,,
2018-07-31,1220.01001,1227.588013,1205.599976,1217.26001,1217.26001,1644700,1209.1813231333333,1148.5313964200002,,
2018-08-01,1228.0,1233.469971,1210.209961,1220.01001,1220.01001,1567200,1213.5886555333334,1151.3399975000002,,
2018-08-02,1205.900024,1229.880005,1204.790039,1226.150024,1226.150024,1531300,1216.4333251333335,1154.46839838,,
2018-08-03,1229.619995,1230.0,1215.060059,1223.709961,1223.709961,1089600,1218.7593261333334,1157.3487987800004,,
2018-08-06,1225.0,1226.088013,1215.7969970000001,1224.77002,1224.77002,1081700,1221.4866618000005,1160.2593993800006,,
2018-08-07,1237.0,1251.170044,1236.170044,1242.219971,1242.219971,1494000,1224.3813232666666,1163.59059812,,
2018-08-08,1240.469971,1256.5,1238.008057,1245.609985,1245.609985,1370300,1227.6966552666668,1167.2963989,,
2018-08-09,1249.900024,1255.541992,1246.01001,1249.099976,1249.099976,848600,1231.8393229333335,1170.9223974400004,,
2018-08-10,1243.0,1245.694946,1232.0,1237.609985,1237.609985,1108700,1235.352653,1173.97479734,,
2018-08-13,1236.97998,1249.272949,1233.640991,1235.01001,1235.01001,997300,1237.319987,1176.2849975400004,,
2018-08-14,1235.189941,1245.869995,1225.109985,1242.099976,1242.099976,1348100,1236.9213216666665,1178.3411962800005,,
2018-08-15,1229.26001,1235.23999,1209.51001,1214.380005,1214.380005,1828800,1233.6333252666668,1179.8355957000006,,
2018-08-16,1224.72998,1226.0,1202.550049,1206.48999,1206.48999,1343200,1229.510660866667,1181.2277954000006,,
2018-08-17,1202.030029,1209.02002,1188.23999,1200.959961,1200.959961,1389600,1227.0079916000002,1182.7697949200005,,
2018-08-20,1205.02002,1211.0,1194.625977,1207.77002,1207.77002,870800,1226.2099936,1184.50779542,,
2018-08-21,1208.0,1217.26001,1200.3540039999998,1201.619995,1201.619995,1205600,1225.1673259333334,1185.9403955200005,,
2018-08-22,1200.0,1211.839966,1199.0,1207.329956,1207.329956,887400,1224.3219889999998,1187.30059572,,
2018-08-23,1207.140015,1221.280029,1204.23999,1205.380005,1205.380005,992600,1222.9373210666668,1188.71239504,,
2018-08-24,1208.819946,1221.650024,1206.359009,1220.650024,1220.650024,946600,1222.7333252666665,1190.0829956199998,,
2018-08-27,1227.599976,1243.089966,1225.715942,1241.819946,1241.819946,1156300,1223.8699869999996,1191.87419434,,
2018-08-28,1241.290039,1242.545044,1228.689941,1231.150024,1231.150024,1304000,1223.1319905333332,1193.0279956,,
2018-08-29,1237.449951,1250.660034,1236.359009,1249.300049,1249.300049,1298900,1223.3779948,1194.6527953999996,,
2018-08-30,1244.22998,1253.63501,1232.589966,1239.119995,1239.119995,1331400,1222.7126627333334,1196.03839598,,
2018-08-31,1234.97998,1238.660034,1211.285034,1218.189941,1218.189941,1816400,1221.4179931333333,1197.24899412,,
2018-09-04,1204.27002,1212.98999,1192.5,1197.0,1197.0,1831000,1218.8839924666668,1198.07939452,,
2018-09-05,1193.800049,1199.01001,1162.0,1186.47998,1186.47998,2061300,1215.1759927333333,1199.31279294,,
2018-09-06,1186.300049,1186.300049,1152.0,1171.439941,1171.439941,1888500,1212.3133217999996,1200.3723925400002,,
2018-09-07,1158.670044,1175.26001,1157.214966,1164.829956,1164.829956,1401300,1209.5359862,1201.58939206,,
2018-09-10,1172.189941,1174.540039,1160.109985,1164.640015,1164.640015,1115400,1207.1146564666667,1202.59779294,,
2018-09-11,1161.630005,1178.680054,1156.23999,1177.359985,1177.359985,1209300,1205.0873208000005,1203.83199216,,
2018-09-12,1172.719971,1178.609985,1158.359985,1162.819946,1162.819946,1295500,1202.5006508666668,1204.53919186,,1203.5199213633334
2018-09-13,1170.73999,1178.609985,1162.849976,1175.329956,1175.329956,1431200,1200.3673175333329,1205.9879906800004,,
2018-09-14,1179.099976,1180.425049,1168.329956,1172.530029,1172.530029,944000,1198.1773191333334,1206.9531908600004,,
2018-09-17,1170.140015,1177.23999,1154.030029,1156.050049,1156.050049,1306500,1193.8706541333333,1207.2707909600006,,
2018-09-18,1157.089966,1176.079956,1157.089966,1161.219971,1161.219971,1203600,1188.4973224666671,1207.4141894000004,,
2018-09-19,1164.97998,1173.209961,1154.579956,1171.089966,1171.089966,1191400,1184.4933186000005,1207.7791894000004,,
2018-09-20,1179.98999,1189.890015,1173.359985,1186.869995,1186.869995,1225400,1180.331315,1208.4385888200004,,
2018-09-21,1192.0,1192.209961,1166.040039,1166.089966,1166.089966,4405600,1175.4626463999996,1208.0907885400004,,
2018-09-24,1157.170044,1178.0,1146.910034,1173.369995,1173.369995,1271000,1172.47465,1207.78178952,,
2018-09-25,1176.150024,1186.880005,1168.0,1184.650024,1184.650024,977700,1171.6513182666665,1207.7975903,,
2018-09-26,1185.150024,1194.22998,1174.765015,1180.48999,1180.48999,1462300,1171.2519856,1207.4313891200004,,
2018-09-27,1186.72998,1202.099976,1183.630005,1194.640015,1194.640015,1260800,1172.7986572000002,1207.4065893200002,,
2018-09-28,1191.869995,1195.410034,1184.5,1193.469971,1193.469971,1380600,1174.7079915333334,1207.5367895200004,,
2018-10-01,1199.890015,1209.900024,1190.300049,1195.310059,1195.310059,1357600,1176.7526611333333,1207.74479002,,
2018-10-02,1190.959961,1209.959961,1186.630005,1200.109985,1200.109985,1687900,1178.2693278,1207.6369897200002,,
2018-10-03,1205.0,1206.410034,1193.829956,1202.949951,1202.949951,1256200,1180.9446614666667,1206.7343896200002,,
2018-10-04,1195.329956,1197.51001,1155.57605,1168.189941,1168.189941,2209500,1180.4686604666667,1204.8241894200005,,
2018-10-05,1167.5,1173.5,1145.119995,1157.349976,1157.349976,1184300,1179.4566569333333,1202.60458982,,
2018-10-08,1150.109985,1168.0,1127.364014,1148.969971,1148.969971,1932400,1178.9846517333333,1200.8139892400004,,
2018-10-09,1146.150024,1154.349976,1137.5720210000004,1138.819946,1138.819946,1308700,1177.4913167333334,1199.19558836,,
2018-10-10,1131.079956,1132.170044,1081.130005,1081.219971,1081.219971,2675700,1171.4999837333335,1196.47478758,,
2018-10-11,1072.939941,1106.400024,1068.27002,1079.319946,1079.319946,2949000,1164.3299804666667,1193.6609863000006,,
2018-10-12,1108.0,1115.0,1086.4019779999999,1110.079956,1110.079956,2101300,1160.5959798000001,1191.33958494,,
2018-10-15,1108.910034,1113.446045,1089.0,1092.25,1092.25,1372400,1155.1879801333334,1188.7103857200002,,
2018-10-16,1104.589966,1124.219971,1102.5,1121.280029,1121.280029,1928500,1150.9633138,1186.6405859000004,,
2018-10-17,1126.459961,1128.98999,1102.189941,1115.689941,1115.689941,1467200,1146.6433105333333,1184.1099853,,
2018-10-18,1121.839966,1121.839966,1077.089966,1087.969971,1087.969971,2094500,1139.5319742666666,1180.95718502,,
2018-10-19,1093.369995,1110.359985,1087.75,1096.459961,1096.459961,1267600,1133.0646402666666,1177.90438472,,
2018-10-22,1103.060059,1112.22998,1091.0,1101.160034,1101.160034,1514200,1126.7879719333332,1175.1753857,,
2018-10-23,1080.890015,1107.890015,1070.0,1103.689941,1103.689941,1848700,1120.359969,1172.5489843200005,,
2018-10-24,1104.25,1106.119995,1048.73999,1050.709961,1050.709961,1982400,1110.2106363333332,1168.7211840200002,,
2018-10-25,1071.790039,1110.97998,1069.550049,1095.569946,1095.569946,2545800,1105.3693033333334,1166.3449828400005,,
2018-10-26,1037.030029,1106.530029,1034.089966,1071.469971,1071.469971,4187600,1099.6439696666666,1163.6445824600005,,
2018-10-29,1082.469971,1097.040039,995.830017,1020.080017,1020.080017,3880700,1091.0513060666667,1160.0269835800002,,
2018-10-30,1008.4600220000001,1037.48999,1000.75,1036.209961,1036.209961,3212700,1084.2106404,1156.5957824000004,,
2018-10-31,1059.810059,1091.939941,1057.0,1076.77002,1076.77002,2529800,1083.913977,1154.0987829000005,,
2018-11-01,1075.800049,1083.974976,1062.459961,1070.0,1070.0,1482000,1083.2926472666668,1151.35218378,,
2018-11-02,1073.72998,1082.974976,1054.609985,1057.790039,1057.790039,1839000,1079.8066528000004,1148.4003844600004,,
2018-11-05,1055.0,1058.469971,1021.23999,1040.089966,1040.089966,2441400,1076.3293172,1144.7891833,,
2018-11-06,1039.47998,1064.344971,1038.069946,1055.810059,1055.810059,1233300,1071.9646525333335,1141.06898556,,
2018-11-07,1069.0,1095.459961,1065.900024,1093.390015,1093.390015,2058400,1070.4779908000003,1138.31378538,,
2018-11-08,1091.380005,1093.27002,1072.204956,1082.400024,1082.400024,1488200,1070.1066610000003,1134.9757848800002,,
2018-11-09,1073.98999,1075.560059,1053.109985,1066.150024,1066.150024,1343200,1068.0859985333334,1131.5163854599996,,
2018-11-12,1061.390015,1062.119995,1031.0,1038.630005,1038.630005,1471800,1063.9173299333333,1127.9251867400005,,
2018-11-13,1043.290039,1056.60498,1031.150024,1036.050049,1036.050049,1513700,1059.4080038,1124.70618772,,
2018-11-14,1050.0,1054.563965,1031.0,1043.660034,1043.660034,1565900,1058.9380086666667,1121.8497888000004,,
2018-11-15,1044.709961,1071.849976,1031.780029,1064.709961,1064.709961,1836100,1056.8806763333334,1119.7151892000004,,
2018-11-16,1059.410034,1067.0,1048.97998,1061.48999,1061.48999,1658100,1056.2153442666668,1117.6483898800002,,
2018-11-19,1057.199951,1060.790039,1016.26001,1020.0,1020.0,1858600,1056.2100098,1114.7555895800003,,
2018-11-20,1000.0,1031.73999,996.0200199999999,1025.76001,1025.76001,2449100,1055.5133463999996,1111.72359008,,
2018-11-21,1036.76001,1048.560059,1033.469971,1037.609985,1037.609985,1534300,1052.9026774000001,1109.2193908600002,,
2018-11-23,1030.0,1037.589966,1022.3989869999999,1023.8800050000001,1023.8800050000001,691500,1049.8280110666667,1106.19039184,,
2018-11-26,1038.349976,1049.310059,1033.910034,1048.619995,1048.619995,1942800,1049.2166748000002,1103.71219116,,
2018-11-27,1041.0,1057.579956,1038.48999,1044.410034,1044.410034,1803200,1049.5046793333336,1101.4793908600002,,
2018-11-28,1048.76001,1086.839966,1035.76001,1086.22998,1086.22998,2475400,1051.532674066667,1099.9795910400003,,
2018-11-29,1076.079956,1094.244995,1076.0,1088.300049,1088.300049,1468900,1051.193343,1098.3237927000002,,
2018-11-30,1089.069946,1095.569946,1077.880005,1094.430054,1094.430054,2580200,1051.9953449999996,1096.47499388,,
2018-12-03,1123.140015,1124.650024,1103.665039,1106.430054,1106.430054,1991200,1054.6806803333336,1095.2817956400004,,
2018-12-04,1103.119995,1104.420044,1049.97998,1050.819946,1050.819946,2345200,1055.4933430666667,1092.83079466,,
2018-12-06,1034.26001,1071.199951,1030.77002,1068.72998,1068.72998,2769200,1057.6720051333334,1090.51239378,,
2018-12-07,1060.01001,1075.26001,1028.5,1036.579956,1036.579956,2101200,1057.1999999333336,1087.6341931,,
2018-12-10,1035.050049,1048.449951,1023.2899779999999,1039.550049,1039.550049,1807700,1055.522672466667,1084.53239378,,
2018-12-11,1056.48999,1060.599976,1039.839966,1051.75,1051.75,1394700,1054.8733398000004,1081.6979943600004,,
2018-12-12,1068.0,1081.650024,1062.790039,1063.680054,1063.680054,1523800,1057.7853434,1079.06539426,,
2018-12-13,1068.069946,1079.76001,1053.930054,1061.900024,1061.900024,1329800,1060.1946776666666,1076.30119504,,
2018-12-14,1049.97998,1062.599976,1040.790039,1042.099976,1042.099976,1686600,1060.4940104,1073.08419554,,
2018-12-17,1037.51001,1053.150024,1007.900024,1016.5300289999999,1016.5300289999999,2385400,1060.004012,1070.0509972999996,,
2018-12-18,1026.089966,1049.47998,1021.4400019999999,1028.709961,1028.709961,2192500,1058.6766764,1067.478197,,
2018-12-19,1033.98999,1062.0,1008.0499880000001,1023.01001,1023.01001,2479300,1057.2500081333333,1064.95899778,,
2018-12-20,1018.1300050000001,1034.219971,996.3599849999999,1009.409973,1009.409973,2673500,1052.1286743333333,1062.3707983200004,,
2018-12-21,1015.2999880000001,1024.02002,973.6900019999999,979.5399779999999,979.5399779999999,4596000,1044.8780029333334,1060.3371984600003,,
2018-12-24,973.900024,1003.5399779999999,970.1099849999999,976.2199710000001,976.2199710000001,1590300,1036.9973307333332,1058.27519896,,
2018-12-26,989.01001,1040.0,983.0,1039.459961,1039.459961,2373300,1032.5326578666666,1056.86279906,,
2018-12-27,1017.150024,1043.890015,997.0,1043.880005,1043.880005,2109800,1032.0699951333334,1055.89539916,,
2018-12-28,1049.619995,1055.560059,1033.099976,1037.079956,1037.079956,1414800,1029.9599935333333,1054.2113977,,
2018-12-31,1050.959961,1052.699951,1023.590027,1035.609985,1035.609985,1493300,1029.8953287999998,1052.6097985800004,,
2019-01-02,1016.570007,1052.319946,1015.7100220000001,1045.849976,1045.849976,1532600,1030.3153239333335,1051.7673986800003,,
2019-01-03,1041.0,1056.97998,1014.070007,1016.0599980000001,1016.0599980000001,1841100,1027.9359904666667,1050.1593994200002,,
2019-01-04,1032.589966,1070.839966,1027.4179689999999,1070.709961,1070.709961,2093900,1028.4046509333334,1049.55039796,,
2019-01-07,1071.5,1074.0,1054.76001,1068.390015,1068.390015,1981900,1028.837317,1048.8443994400004,,
2019-01-08,1076.109985,1084.560059,1060.530029,1076.280029,1076.280029,1764900,1031.1159872,1049.3558008000002,,
2019-01-09,1081.650024,1082.630005,1066.400024,1074.660034,1074.660034,1199300,1034.991320866667,1048.9376025600004,,
2019-01-10,1067.660034,1071.150024,1057.709961,1070.329956,1070.329956,1456400,1037.7659872000004,1048.9148022600002,,
2019-01-11,1063.180054,1063.775024,1048.47998,1057.189941,1057.189941,1520800,1040.0446492666667,1049.6570007400003,,
2019-01-14,1046.920044,1051.530029,1041.255005,1044.689941,1044.689941,1144300,1042.3966471333335,1049.8266003400004,,
2019-01-15,1050.170044,1080.050049,1047.339966,1077.150024,1077.150024,1463600,1048.9039835333333,1049.8342004200003,,
2019-01-16,1080.0,1092.375,1079.339966,1080.969971,1080.969971,1331800,1055.8873168666667,1050.0535998400003,1052.9704583533335,
2019-01-17,1079.469971,1091.800049,1073.5,1089.900024,1089.900024,1242700,1059.2499877333337,1050.6957995400003,,
2019-01-18,1100.0,1108.352051,1090.900024,1098.26001,1098.26001,1955600,1062.8753214,1051.85920042,,
2019-01-22,1088.0,1091.51001,1063.469971,1070.52002,1070.52002,1613500,1065.104659,1052.15339964,,
2019-01-23,1077.349976,1084.930054,1059.75,1075.569946,1075.569946,967000,1067.7686564000003,1051.7969982600002,,
2019-01-24,1076.47998,1079.474976,1060.699951,1073.900024,1073.900024,1361300,1069.6386596000002,1051.6269982600004,,
2019-01-25,1085.0,1094.0,1081.819946,1090.98999,1090.98999,1119100,1074.6339924000001,1052.1237975800002,,
2019-01-28,1080.109985,1083.0,1063.800049,1070.079956,1070.079956,1284300,1074.5919920666668,1052.7527966000002,,
2019-01-29,1072.680054,1075.150024,1055.86499,1060.619995,1060.619995,1021800,1074.0739907333334,1053.2441955200004,,
2019-01-30,1068.430054,1091.0,1066.849976,1089.060059,1089.060059,1279800,1074.9259927333335,1054.1521960200002,,
2019-01-31,1103.0,1117.329956,1095.410034,1116.369995,1116.369995,1538300,1077.7066568,1055.1853967,,
2019-02-01,1112.400024,1125.0,1104.890015,1110.75,1110.75,1462200,1080.4013264,1056.1705969000004,,
2019-02-04,1112.660034,1132.800049,1109.02002,1132.800049,1132.800049,2576500,1085.4420002666668,1058.42659788,,
2019-02-05,1124.839966,1146.849976,1117.248047,1145.98999,1145.98999,3552200,1092.1953368666668,1060.83119748,,
2019-02-06,1139.569946,1147.0,1112.77002,1115.22998,1115.22998,2105600,1094.7340006000004,1062.38359738,,
2019-02-07,1104.160034,1104.839966,1086.0,1098.709961,1098.709961,2044800,1095.9166665999999,1063.8801965,,
2019-02-08,1087.0,1098.910034,1086.550049,1095.060059,1095.060059,1075800,1096.2606689333334,1064.80899778,,
2019-02-11,1096.949951,1105.944946,1092.859985,1095.01001,1095.01001,1065200,1096.0440022666667,1065.8209972999996,,
2019-02-12,1106.800049,1125.295044,1105.849976,1121.369995,1121.369995,1609100,1099.4340006,1066.5237976,,
2019-02-13,1124.98999,1134.72998,1118.5,1120.160034,1120.160034,1049800,1102.4066731333332,1067.1609973,,
2019-02-14,1118.050049,1128.22998,1110.444946,1121.670044,1121.670044,947600,1105.5913411333333,1067.7057971000004,,
2019-02-15,1130.079956,1131.670044,1110.650024,1113.650024,1113.650024,1449800,1107.102010066667,1067.8501965,,
2019-02-19,1110.0,1121.890015,1110.0,1118.560059,1118.560059,1046400,1110.3340169333335,1069.20499876,,
2019-02-20,1119.98999,1123.410034,1105.280029,1113.800049,1113.800049,1087800,1113.8793538666666,1070.10640014,,
2019-02-21,1110.839966,1111.939941,1092.52002,1096.969971,1096.969971,1415100,1114.4066813333334,1071.31420044,,
2019-02-22,1100.900024,1111.23999,1095.599976,1110.369995,1110.369995,1049500,1114.0066813333333,1072.7305993599996,,
2019-02-25,1116.0,1118.540039,1107.27002,1109.400024,1109.400024,1413100,1113.9166829333335,1073.88359984,,
2019-02-26,1105.75,1119.51001,1099.920044,1115.130005,1115.130005,1471300,1112.7386800000004,1074.91259886,,
2019-02-27,1106.949951,1117.97998,1101.0,1116.050049,1116.050049,968400,1110.7426839333334,1075.99559936,,
2019-02-28,1111.300049,1127.650024,1111.01001,1119.920044,1119.920044,1542500,1111.0553548666664,1077.55200072,,
2019-03-01,1124.900024,1142.969971,1124.75,1140.98999,1140.98999,1450300,1113.8740234666666,1080.04119994,,
2019-03-04,1146.98999,1158.280029,1130.689941,1147.800049,1147.800049,1446000,1117.3900227999998,1082.4230017,,
2019-03-05,1150.060059,1169.609985,1146.194946,1162.030029,1162.030029,1443200,1121.8580240666668,1085.2034020800004,,
2019-03-06,1162.48999,1167.56604,1155.48999,1157.859985,1157.859985,1099300,1124.2906900666667,1088.1724023200004,,
2019-03-07,1155.719971,1156.755005,1134.910034,1143.300049,1143.300049,1166600,1125.8333577333333,1091.44760374,,
2019-03-08,1126.72998,1147.079956,1123.300049,1142.319946,1142.319946,1212400,1127.2100178666665,1094.7696032400004,,
2019-03-11,1144.449951,1176.189941,1144.449951,1175.76001,1175.76001,1719200,1131.3506836,1097.49560422,,
2019-03-12,1178.26001,1200.0,1178.26001,1193.199951,1193.199951,2013100,1136.3266764,1100.4820031400004,,
2019-03-13,1200.64502,1200.930054,1191.939941,1193.319946,1193.319946,1435900,1141.6280028666665,1103.6068029400003,,
2019-03-14,1194.51001,1197.880005,1184.47998,1185.550049,1185.550049,1172800,1147.5333414000004,1106.60560422,,
2019-03-15,1193.380005,1196.569946,1182.609985,1184.459961,1184.459961,2461800,1152.4726724666666,1109.37780392,,
2019-03-18,1183.300049,1190.0,1177.421021,1184.26001,1184.26001,1292600,1157.4633382000004,1112.74180416,,
2019-03-19,1188.810059,1200.0,1185.869995,1198.849976,1198.849976,1520700,1163.0446696,1115.30460446,,
2019-03-20,1197.349976,1227.140015,1196.170044,1223.969971,1223.969971,2227400,1170.2393310666666,1118.4162035800002,,
2019-03-21,1216.0,1231.790039,1213.150024,1231.540039,1231.540039,1204000,1177.6806640666666,1121.5214037800004,,
2019-03-22,1226.319946,1230.0,1202.824951,1205.5,1205.5,1714200,1181.9813314,1124.1382031000003,,
2019-03-25,1196.930054,1206.397949,1187.040039,1193.0,1193.0,1496800,1184.9946614666667,1126.5916039800004,,
2019-03-26,1198.530029,1202.829956,1176.719971,1184.619995,1184.619995,1901200,1186.5006592,1129.1402050600002,,
2019-03-27,1185.5,1187.55896,1159.369995,1173.02002,1173.02002,1400200,1187.5113282,1131.7068066400004,,
2019-03-28,1171.540039,1171.564941,1159.43103,1168.48999,1168.48999,1012400,1189.1906576,1133.5336059600004,,
2019-03-29,1174.900024,1178.98999,1162.880005,1173.310059,1173.310059,1269900,1191.2566651333332,1135.3804077200004,,
2019-04-01,1184.099976,1196.660034,1182.0,1194.430054,1194.430054,1252500,1192.5013347333334,1137.4710083200002,,
2019-04-02,1195.319946,1201.349976,1185.709961,1200.48999,1200.48999,827900,1192.9873373333332,1139.5156079200005,,
2019-04-03,1207.47998,1216.300049,1200.5,1205.920044,1205.920044,1017800,1193.8273438666665,1142.2236084000006,,
2019-04-04,1205.939941,1215.670044,1204.130005,1215.0,1215.0,950000,1195.7906739333334,1145.0122094800004,,
2019-04-05,1214.98999,1216.219971,1205.030029,1207.150024,1207.150024,907200,1197.3033447999996,1147.67720948,,
2019-04-08,1207.890015,1208.689941,1199.859985,1203.839966,1203.839966,860200,1198.6086752,1149.9342090000005,,
2019-04-09,1196.0,1202.290039,1193.079956,1197.25,1197.25,876400,1198.5020101333332,1152.4776098800005,,
2019-04-10,1200.680054,1203.785034,1196.435059,1202.160034,1202.160034,724600,1197.0480143333334,1155.3084106600004,,
2019-04-11,1203.959961,1207.959961,1200.130005,1204.619995,1204.619995,710200,1195.2533447333333,1157.61960938,,
2019-04-12,1210.0,1218.349976,1208.109985,1217.869995,1217.869995,933400,1196.0780110666667,1159.64960938,,
2019-04-15,1218.0,1224.199951,1209.109985,1221.099976,1221.099976,1187400,1197.9513428,1161.8566089000005,,
2019-04-16,1225.0,1230.819946,1220.119995,1227.130005,1227.130005,856300,1200.785343466667,1163.7432080200006,,
2019-04-17,1233.0,1240.560059,1227.819946,1236.339966,1236.339966,1221900,1205.0066732000005,1165.5502075400002,,
2019-04-18,1239.180054,1242.0,1234.609985,1236.369995,1236.369995,1331800,1209.5320068666665,1167.97300784,,
2019-04-22,1235.98999,1249.089966,1228.310059,1248.839966,1248.839966,807300,1214.567334,1170.97560794,,
2019-04-23,1250.689941,1269.0,1246.380005,1264.550049,1264.550049,1319900,1219.2420003333332,1174.36540774,,
2019-04-24,1264.119995,1268.01001,1255.0,1256.0,1256.0,1018800,1222.9426676666665,1177.58520754,,
2019-04-25,1264.77002,1267.407959,1252.030029,1263.449951,1263.449951,1107300,1226.7779947999998,1180.42680666,,
2019-04-26,1269.0,1273.069946,1260.319946,1272.180054,1272.180054,1241400,1230.5899983999998,1183.46720706,,
2019-04-29,1274.0,1289.27002,1266.295044,1287.579956,1287.579956,2499400,1235.9519938666665,1186.7854053,,
2019-04-30,1185.0,1192.810059,1175.0,1188.47998,1188.47998,6207000,1234.9279947999999,1188.2820044199998,,
2019-05-01,1188.050049,1188.050049,1167.180054,1168.079956,1168.079956,2639200,1232.9833252,1189.27240236,,
2019-05-02,1167.76001,1174.189941,1155.001953,1162.609985,1162.609985,1944800,1230.3466552666666,1190.2486010799996,,
2019-05-03,1173.650024,1186.800049,1169.0,1185.400024,1185.400024,1980700,1229.0653238666666,1192.01720214,,
2019-05-06,1166.26001,1190.849976,1166.26001,1189.390015,1189.390015,1563900,1227.1666585333332,1193.59760254,,
2019-05-07,1180.469971,1190.439941,1161.040039,1174.099976,1174.099976,1551400,1224.0333251999998,1194.8916015799996,,
2019-05-08,1172.01001,1180.42395,1165.73999,1166.27002,1166.27002,1309300,1219.9759928666667,1195.91440188,,
2019-05-09,1159.030029,1169.660034,1150.849976,1162.380005,1162.380005,1185700,1215.0453288,1196.841001,,
2019-05-10,1163.589966,1172.599976,1142.5,1164.27002,1164.27002,1314500,1210.2386637999996,1197.72800052,,
2019-05-13,1141.959961,1147.939941,1122.109985,1132.030029,1132.030029,1860600,1202.4513346666668,1197.5488013000004,,
2019-05-14,1137.209961,1140.420044,1119.550049,1120.439941,1120.439941,1836600,1192.8439941333334,1197.0015991400005,,1194.922796636667
2019-05-15,1117.869995,1171.329956,1116.6660160000001,1164.209961,1164.209961,2289300,1186.7246582,1197.04519778,,
2019-05-16,1164.51001,1188.160034,1162.839966,1178.97998,1178.97998,1531400,1181.0933268,1197.4675976800004,,
2019-05-17,1168.469971,1180.150024,1160.01001,1162.300049,1162.300049,1208600,1173.7679931333332,1197.8475976800005,,
2019-05-20,1144.5,1146.7969970000001,1131.442993,1138.849976,1138.849976,1353300,1163.8526611333334,1197.77819828,,
2019-05-21,1148.48999,1152.708008,1137.939941,1149.630005,1149.630005,1159800,1161.2626627999996,1197.25559818,,
2019-05-22,1146.75,1158.52002,1145.890015,1151.420044,1151.420044,914500,1160.152002,1196.42000004,,
2019-05-23,1140.5,1145.9730220000001,1129.223999,1140.77002,1140.77002,1198900,1158.6960043333333,1195.36900152,,
2019-05-24,1147.359985,1149.765015,1131.660034,1133.469971,1133.469971,1112000,1155.2340007999999,1194.32739996,,
2019-05-28,1134.0,1151.587036,1133.119995,1134.150024,1134.150024,1365000,1151.5513347333333,1193.32120122,,
2019-05-29,1127.52002,1129.099976,1108.219971,1116.459961,1116.459961,1538200,1147.7086670666665,1191.96520024,,
2019-05-30,1115.540039,1123.130005,1112.119995,1117.949951,1117.949951,951900,1144.4873291333333,1190.3471997400004,,
2019-05-31,1101.290039,1109.599976,1100.180054,1103.630005,1103.630005,1507800,1140.5706624666666,1187.94040042,,
2019-06-03,1065.5,1065.5,1025.0,1036.22998,1036.22998,5130600,1132.0346598,1184.03419924,,
2019-06-04,1042.900024,1056.050049,1033.689941,1053.050049,1053.050049,2833500,1126.7693278000004,1180.98520022,,
2019-06-05,1051.540039,1053.550049,1030.48999,1042.219971,1042.219971,2168400,1121.5546631333334,1177.96959964,,
2019-06-06,1044.98999,1047.48999,1033.699951,1044.339966,1044.339966,1703200,1113.5633301333332,1175.1639990600004,,
2019-06-07,1050.630005,1070.920044,1048.400024,1066.040039,1066.040039,1802400,1106.0340007333334,1173.02439944,,
2019-06-10,1072.97998,1092.660034,1072.3220210000004,1080.380005,1080.380005,1464200,1100.572664466667,1171.26219974,,
2019-06-11,1093.97998,1101.98999,1077.6030269999999,1078.719971,1078.719971,1436700,1096.5639974666667,1169.3703979800002,,
2019-06-12,1078.0,1080.930054,1067.540039,1077.030029,1077.030029,1061000,1091.723999066667,1167.02239748,,
2019-06-13,1083.640015,1094.170044,1080.150024,1088.77002,1088.77002,1057700,1087.5473308000003,1164.78799808,,
2019-06-14,1086.420044,1092.689941,1080.1719970000001,1085.349976,1085.349976,1111500,1083.8526612,1162.3765967200004,,
2019-06-17,1086.280029,1099.180054,1086.280029,1092.5,1092.5,941600,1081.1213298,1159.92659672,,
2019-06-18,1109.689941,1116.390015,1098.98999,1103.599976,1103.599976,1386700,1079.0846599333333,1157.85559576,,
2019-06-19,1105.599976,1107.0,1093.47998,1102.329956,1102.329956,1338800,1078.1426596,1155.82539556,,
2019-06-20,1119.98999,1120.119995,1104.73999,1111.420044,1111.420044,1262000,1077.7073324666665,1154.10879644,,
2019-06-21,1109.23999,1124.109985,1108.079956,1121.880005,1121.880005,1947600,1078.9239991333334,1152.50319586,,
2019-06-24,1119.609985,1122.0,1111.01001,1115.52002,1115.52002,1395600,1084.2100017999999,1150.7211963599998,,
2019-06-25,1112.660034,1114.349976,1083.800049,1086.349976,1086.349976,1546900,1086.429996933333,1148.0907959799995,,
2019-06-26,1086.5,1092.969971,1072.23999,1079.800049,1079.800049,1810900,1088.9353354666666,1145.2647974399995,,
2019-06-27,1084.0,1087.099976,1075.290039,1076.01001,1076.01001,1004300,1091.0466717333334,1142.2423975399995,,
2019-06-28,1076.390015,1081.0,1073.369995,1080.910034,1080.910034,1693200,1092.0380047333333,1139.1337989,,
2019-07-01,1098.0,1107.579956,1093.7030029999999,1097.949951,1097.949951,1436300,1093.2093344666666,1136.36539802,,
2019-07-02,1102.23999,1111.77002,1098.170044,1111.25,1111.25,991600,1095.3780030666667,1133.6135986999998,,
2019-07-03,1117.410034,1126.76001,1113.859985,1121.579956,1121.579956,767000,1098.3479982,1130.7541968399996,,
2019-07-05,1117.800049,1132.880005,1116.140015,1131.589966,1131.589966,1264300,1101.2026612666666,1128.26599616,,
2019-07-08,1125.170044,1125.97998,1111.209961,1116.349976,1116.349976,1236400,1103.2693279333334,1125.32399666,,
2019-07-09,1111.800049,1128.025024,1107.170044,1124.829956,1124.829956,1330400,1105.4246583333334,1122.3769946999996,,
2019-07-10,1131.219971,1142.050049,1130.969971,1140.47998,1140.47998,1209500,1107.8833252666666,1119.43499518,,
2019-07-11,1143.25,1153.069946,1139.579956,1144.209961,1144.209961,1195500,1110.6753256,1118.5495947999998,,
2019-07-12,1143.98999,1147.339966,1138.780029,1144.900024,1144.900024,864000,1112.9073242666666,1118.08599616,,
2019-07-15,1146.859985,1150.819946,1139.400024,1150.339966,1150.339966,903800,1114.804655,1117.8405957799996,,
2019-07-16,1146.0,1158.579956,1145.0,1153.579956,1153.579956,1238800,1117.3419840666668,1117.2041944199998,1117.2730892433333,
2019-07-17,1150.969971,1158.359985,1145.77002,1146.349976,1146.349976,1170000,1121.3419840666668,1116.34339364,,
2019-07-18,1141.73999,1147.60498,1132.72998,1146.329956,1146.329956,1291300,1125.7773112,1115.78799324,,
2019-07-19,1148.189941,1151.140015,1129.619995,1130.099976,1130.099976,1647200,1129.3833089333334,1115.06459236,,
2019-07-22,1133.449951,1139.25,1124.23999,1138.069946,1138.069946,1301500,1133.1939697333332,1114.57839118,,
2019-07-23,1144.0,1146.900024,1131.800049,1146.209961,1146.209961,1093700,1136.4113037333334,1114.21719,,
2019-07-24,1131.900024,1144.0,1126.98999,1137.810059,1137.810059,1589800,1138.1819743333333,1114.3327906,,
2019-07-25,1137.819946,1141.699951,1120.920044,1132.119995,1132.119995,2209800,1138.8846436,1114.56639168,,
2019-07-26,1224.040039,1265.550049,1224.0,1250.410034,1250.410034,4805800,1146.8059814666665,1116.29039314,,
2019-07-29,1241.050049,1247.369995,1228.22998,1239.410034,1239.410034,2223700,1155.0099853333334,1117.49899422,,
2019-07-30,1225.410034,1234.869995,1223.300049,1225.140015,1225.140015,1453300,1161.6973226,1118.7557935399998,,
2019-07-31,1223.0,1234.0,1207.764038,1216.680054,1216.680054,1725500,1166.7773275333334,1120.3123950999998,,
2019-08-01,1214.030029,1234.109985,1205.719971,1209.01001,1209.01001,1698500,1171.0973307999998,1121.4999951999996,,
2019-08-02,1200.73999,1206.900024,1188.939941,1193.98999,1193.98999,1645100,1174.3699951999995,1122.35139412,,
2019-08-05,1170.040039,1175.23999,1140.140015,1152.319946,1152.319946,2597500,1174.5019938666667,1122.58239264,,
2019-08-06,1163.310059,1179.959961,1160.0,1169.949951,1169.949951,1709400,1175.5933268666668,1123.31199224,,
2019-08-07,1156.0,1178.444946,1149.624023,1173.98999,1173.98999,1444300,1177.4359944666671,1124.10879156,,
2019-08-08,1182.829956,1205.01001,1173.02002,1204.800049,1204.800049,1468000,1181.3340006666667,1125.8755933199998,,
2019-08-09,1197.98999,1203.880005,1183.6030269999999,1188.01001,1188.01001,1065700,1185.1946696000002,1127.2767945,,
2019-08-12,1179.209961,1184.959961,1167.6719970000001,1174.709961,1174.709961,1003000,1187.637337266667,1128.69839362,,
2019-08-13,1171.459961,1204.780029,1171.459961,1197.27002,1197.27002,1294400,1191.0413412000005,1131.91919442,,
2019-08-14,1176.310059,1182.300049,1160.540039,1164.290039,1164.290039,1578700,1192.8066732000002,1134.14399422,,
2019-08-15,1163.5,1175.839966,1162.109985,1167.26001,1167.26001,1218700,1195.1493408666668,1136.644795,,
2019-08-16,1179.550049,1182.719971,1171.810059,1177.599976,1177.599976,1313300,1190.295337,1139.3099951999998,,
2019-08-19,1190.089966,1206.98999,1190.089966,1198.449951,1198.449951,1231600,1187.5646648,1141.9581934399996,,
2019-08-20,1195.25,1196.060059,1182.109985,1182.689941,1182.689941,915500,1184.7346598666668,1144.00439216,,
2019-08-21,1193.150024,1199.0,1187.430054,1191.25,1191.25,740700,1183.0393229333333,1146.25499274,,
2019-08-22,1194.069946,1198.0119630000004,1178.579956,1189.530029,1189.530029,947500,1181.7406575333332,1148.5049927399998,,
2019-08-23,1181.98999,1194.079956,1147.75,1151.290039,1151.290039,1687000,1178.8939941333333,1149.7553931199998,,
2019-08-26,1157.26001,1169.469971,1152.959961,1168.890015,1168.890015,1226100,1179.9986654000004,1151.4261938999996,,
2019-08-27,1180.530029,1182.400024,1161.449951,1167.839966,1167.839966,1077200,1179.8579997333334,1152.9329932199996,,
2019-08-28,1161.709961,1176.420044,1157.300049,1171.02002,1171.02002,802000,1179.6600017333333,1154.2813940999995,,
2019-08-29,1181.119995,1196.060059,1181.119995,1192.849976,1192.849976,1088400,1178.8633301999996,1156.0917944999997,,
2019-08-30,1198.5,1198.5,1183.8029789999996,1188.099976,1188.099976,1129800,1178.8693279333334,1157.62539314,,
2019-09-03,1177.030029,1186.890015,1163.199951,1168.390015,1168.390015,1479900,1178.4479982,1158.55559334,,
2019-09-04,1176.709961,1183.47998,1171.0,1181.410034,1181.410034,1068900,1177.3906658,1159.87339362,,
2019-09-05,1191.530029,1213.040039,1191.530029,1211.380005,1211.380005,1408100,1180.5299968666668,1162.3739942000002,,
2019-09-06,1208.130005,1212.015015,1202.5219730000001,1204.930054,1204.930054,1072100,1183.0413331333334,1164.8765943000005,,
2019-09-09,1204.0,1220.0,1192.619995,1204.410034,1204.410034,1471900,1184.8286703333329,1167.44459478,,
2019-09-10,1195.150024,1210.0,1194.579956,1206.0,1206.0,1260100,1185.3320069333333,1169.9463941,,
2019-09-11,1203.410034,1222.599976,1202.199951,1220.170044,1220.170044,1307000,1187.8306804666668,1172.39079596,,
2019-09-12,1224.300049,1241.859985,1223.02002,1234.25,1234.25,1725900,1190.6973471333333,1174.85079596,,
2019-09-13,1231.349976,1240.880005,1227.01001,1239.560059,1239.560059,1301400,1194.0326824666668,1177.2103980200004,,
2019-09-16,1229.52002,1239.560059,1225.609985,1231.300049,1231.300049,1053300,1199.3666831333333,1179.20459968,,
2019-09-17,1230.400024,1235.0,1223.689941,1229.150024,1229.150024,955100,1203.3840170666667,1181.4606006400004,,
2019-09-18,1227.51001,1235.609985,1216.530029,1232.410034,1232.410034,1135100,1207.6886882666668,1183.6122022000004,,
2019-09-19,1232.060059,1244.439941,1232.02002,1238.709961,1238.709961,996000,1212.2013510000004,1185.5768018200004,,
2019-09-20,1233.119995,1243.319946,1223.079956,1229.930054,1229.930054,2270000,1214.6733562000004,1187.29120368,,
2019-09-23,1226.0,1239.089966,1224.170044,1234.030029,1234.030029,1062400,1217.7353597333333,1189.0738037800004,,
2019-09-24,1240.0,1246.73999,1210.680054,1218.76001,1218.76001,1583200,1221.0933594000005,1190.4422046600002,,
2019-09-25,1215.819946,1248.300049,1210.089966,1246.52002,1246.52002,1453000,1225.4340251333333,1192.30100594,,
2019-09-26,1241.959961,1245.0,1232.267944,1241.390015,1241.390015,1538000,1227.4346924666668,1194.20180672,,
2019-09-27,1243.01001,1244.02002,1214.449951,1225.089966,1225.089966,1353900,1228.7786866,1195.77700692,,
2019-09-30,1220.969971,1226.0,1212.300049,1219.0,1219.0,1404100,1229.7513509999999,1197.5550074,,
2019-10-01,1219.0,1231.22998,1203.579956,1205.099976,1205.099976,1273500,1229.6913493999998,1198.8956079999996,,
2019-10-02,1196.97998,1196.97998,1171.290039,1176.630005,1176.630005,1615100,1226.7886801333334,1199.50400888,,
2019-10-03,1180.0,1189.060059,1162.430054,1187.829956,1187.829956,1621200,1223.6940105333333,1200.5044068199998,,
2019-10-04,1191.890015,1211.439941,1189.170044,1209.0,1209.0,1162400,1221.6566732666665,1202.04200692,,
2019-10-07,1204.400024,1218.203979,1203.75,1207.680054,1207.680054,842900,1220.0820069333333,1201.1874073199995,,
2019-10-08,1197.589966,1206.079956,1189.01001,1189.130005,1189.130005,1039300,1217.4140056666665,1200.1818067399995,,
2019-10-09,1199.349976,1208.349976,1197.630005,1202.310059,1202.310059,867700,1215.4073406666666,1199.7252076199998,,
2019-10-10,1198.579956,1215.0,1197.339966,1208.670044,1208.670044,846600,1213.4046795333334,1199.5650074199998,,
2019-10-11,1222.209961,1228.390015,1213.73999,1215.449951,1215.449951,1272700,1212.4393393333332,1199.6938062399995,,
2019-10-14,1212.339966,1226.329956,1211.76001,1217.140015,1217.140015,867500,1211.3133383999996,1200.1568067399996,,
2019-10-15,1220.400024,1247.329956,1220.400024,1243.01001,1243.01001,1381700,1212.9300050666666,1201.9706080199996,,
2019-10-16,1241.170044,1254.73999,1238.449951,1243.640015,1243.640015,1094600,1212.7380047333334,1203.4444092999995,,
2019-10-17,1250.930054,1263.324951,1249.939941,1253.069946,1253.069946,952400,1213.5166668,1205.0260084199995,,
2019-10-18,1253.459961,1258.890015,1241.079956,1245.48999,1245.48999,1352800,1214.8766684000002,1205.8398072399996,,
2019-10-21,1252.26001,1254.6290279999996,1240.599976,1246.150024,1246.150024,1027200,1216.6866699999996,1207.0026075199996,,
2019-10-22,1247.849976,1250.599976,1241.380005,1242.800049,1242.800049,1023800,1219.2000082000004,1208.3644092799996,,
2019-10-23,1242.359985,1259.890015,1242.359985,1259.130005,1259.130005,911500,1224.7000082000004,1209.6016089799996,,
2019-10-24,1260.900024,1264.0,1253.714966,1260.98999,1260.98999,1028100,1229.5773437999999,1211.5356079999995,,
2019-10-25,1251.030029,1269.599976,1250.01001,1265.130005,1265.130005,1213100,1233.319344133333,1213.4930078999996,,
2019-10-28,1275.449951,1299.310059,1272.540039,1290.0,1290.0,2613200,1238.8073405333332,1215.7410083799996,,
2019-10-29,1276.22998,1281.589966,1257.212036,1262.619995,1262.619995,1886400,1243.7066731999996,1217.0244092599996,,
2019-10-30,1252.969971,1269.359985,1252.0,1261.290039,1261.290039,1408900,1247.6386718666665,1218.5964112199995,,
2019-10-31,1261.280029,1267.670044,1250.843018,1260.109985,1260.109985,1455700,1251.0680012666667,1219.9736109199996,,
2019-11-01,1265.0,1274.619995,1260.5,1273.73999,1273.73999,1670100,1254.9540038666667,1221.6578101399996,,
2019-11-04,1276.449951,1294.130005,1276.35498,1291.369995,1291.369995,1501000,1259.9026692,1224.4594092599998,,
2019-11-05,1292.890015,1298.930054,1291.2290039999998,1292.030029,1292.030029,1282700,1263.170670466667,1226.9222095399996,,
2019-11-06,1289.459961,1293.72998,1282.5,1291.800049,1291.800049,1152700,1266.3813394,1229.4014111999995,,
2019-11-07,1294.280029,1323.73999,1294.244995,1308.859985,1308.859985,2030000,1270.1006753333334,1232.1582104999995,,
2019-11-08,1305.280029,1318.0,1304.36499,1311.369995,1311.369995,1251400,1274.4926756666666,1234.5286108799996,,
2019-11-11,1303.180054,1306.425049,1297.410034,1299.189941,1299.189941,1011900,1278.0286701333332,1236.7504101799998,,
2019-11-12,1300.0,1310.0,1295.77002,1298.800049,1298.800049,1085900,1281.7620034666666,1239.3586108599998,,
2019-11-13,1294.069946,1304.300049,1293.51001,1298.0,1298.0,826700,1284.3533364666666,1241.6904101799996,,
2019-11-14,1297.5,1317.0,1295.650024,1311.459961,1311.459961,1193500,1287.7180012,1243.6920093,,
2019-11-15,1318.939941,1334.880005,1314.280029,1334.869995,1334.869995,1782600,1292.3673338666667,1246.2908081199996,,
2019-11-18,1332.219971,1335.529053,1317.5,1320.699951,1320.699951,1487400,1294.4139972666667,1248.61660646,,
2019-11-19,1327.699951,1327.699951,1312.800049,1315.459961,1315.459961,1269200,1297.9366616666666,1250.8058056799996,,
2019-11-20,1311.73999,1315.0,1291.150024,1303.050049,1303.050049,1308600,1300.7206623333334,1252.46340578,,
2019-11-21,1301.47998,1312.589966,1293.0,1301.349976,1301.349976,995500,1303.4699950666666,1253.8054052999996,,
2019-11-22,1305.619995,1308.72998,1291.410034,1295.339966,1295.339966,1385700,1304.9099934666667,1254.9210034399996,,
2019-11-25,1299.180054,1311.310059,1298.130005,1306.689941,1306.689941,1036200,1305.9313232000004,1256.4288012799998,,
2019-11-26,1309.859985,1314.800049,1305.089966,1313.550049,1313.550049,1069700,1307.3659912,1258.1168017799996,,
2019-11-27,1315.0,1318.359985,1309.630005,1312.98999,1312.98999,995600,1308.778653933333,1259.7284008999998,,
2019-11-29,1307.119995,1310.204956,1303.969971,1304.959961,1304.959961,587000,1308.5186523333334,1261.0534008999996,,
2019-12-02,1301.0,1305.829956,1281.0,1289.920044,1289.920044,1510900,1307.0886556000005,1262.2532007000002,,
2019-12-03,1279.569946,1298.4610599999999,1279.0,1295.280029,1295.280029,1143800,1306.8279948000004,1263.4782007,,
2019-12-04,1307.01001,1325.800049,1304.869995,1320.540039,1320.540039,1537500,1308.2773274666665,1265.5138012799996,,
2019-12-05,1328.0,1329.358032,1316.439941,1328.130005,1328.130005,1212700,1310.2859944666668,1267.14600098,,
2019-12-06,1333.439941,1344.0,1333.439941,1340.619995,1340.619995,1314800,1312.2299967333333,1269.13060058,,
2019-12-09,1338.040039,1359.449951,1337.839966,1343.560059,1343.560059,1354300,1312.8093343333335,1271.50000244,,
2019-12-10,1341.5,1349.974976,1336.040039,1344.660034,1344.660034,1094100,1314.4066732000001,1274.01320312,,
2019-12-11,1350.839966,1351.199951,1342.670044,1345.02002,1345.02002,850400,1316.3773437999996,1276.8116040000002,,
2019-12-12,1345.939941,1355.775024,1340.5,1350.27002,1350.27002,1281000,1319.5253418666666,1280.2844043000002,,
2019-12-13,1347.949951,1353.093018,1343.869995,1347.829956,1347.829956,1549600,1322.6240072,1283.4844043000005,,
2019-12-16,1356.5,1364.680054,1352.670044,1361.170044,1361.170044,1397300,1327.0126790666666,1286.52780518,,
2019-12-17,1362.890015,1365.0,1351.322998,1355.119995,1355.119995,1854000,1330.2413493333333,1289.4766040000004,,
2019-12-18,1356.599976,1360.469971,1351.0,1352.619995,1352.619995,1522600,1332.8460124,1292.7464038000005,,
2019-12-19,1351.819946,1358.099976,1348.984985,1356.040039,1356.040039,1469900,1335.7160156666666,1295.8210034,,
2019-12-20,1363.349976,1363.640015,1349.0,1349.589966,1349.589966,3315000,1338.6913493333334,1298.63940184,,
2019-12-23,1355.869995,1359.800049,1346.51001,1348.839966,1348.839966,883100,1342.6193441333332,1301.30720214,,
2019-12-24,1348.5,1350.26001,1342.780029,1343.560059,1343.560059,347500,1345.8380128,1303.8356030200002,,
2019-12-26,1346.170044,1361.327026,1344.469971,1360.400024,1360.400024,667500,1348.4953451333333,1306.1834033000005,,
2019-12-27,1362.98999,1364.530029,1349.310059,1351.890015,1351.890015,1038400,1350.0793457999996,1308.3484033000002,,
2019-12-30,1350.0,1353.0,1334.02002,1336.140015,1336.140015,1050900,1349.7806804666666,1310.00980468,,
2019-12-31,1330.109985,1338.0,1329.084961,1337.02002,1337.02002,961800,1349.3446778666666,1311.84040528,,
2020-01-02,1341.550049,1368.140015,1341.550049,1367.369995,1367.369995,1406600,1350.8586752666665,1314.2648046999998,,
2020-01-03,1347.859985,1372.5,1345.543945,1360.660034,1360.660034,1186400,1351.9013428666665,1316.6220044000004,,
2020-01-06,1350.0,1396.5,1350.0,1394.209961,1394.209961,1732300,1354.8306722666666,1319.3236035199998,,
2020-01-07,1397.939941,1402.98999,1390.380005,1393.339966,1393.339966,1502700,1357.8646729333334,1321.9706030400002,,
2020-01-08,1392.079956,1411.579956,1390.839966,1404.319946,1404.319946,1528000,1360.741333066667,1324.75440186,,
2020-01-09,1420.569946,1427.329956,1410.27002,1419.829956,1419.829956,1500900,1365.055330466667,1327.35100098,,
2020-01-10,1427.560059,1434.928955,1418.349976,1429.72998,1429.72998,1820700,1370.1959961333334,1330.6932006800002,,
2020-01-13,1436.130005,1440.52002,1426.02002,1439.22998,1439.22998,1652300,1375.7419922,1334.2519994999998,,
2020-01-14,1439.01001,1441.800049,1428.369995,1430.880005,1430.880005,1558900,1381.1613281333334,1337.6673999000004,,
2020-01-15,1430.209961,1441.39502,1430.209961,1439.199951,1439.199951,1282700,1387.1853271333334,1340.9765991199995,,
2020-01-16,1447.439941,1451.98999,1440.920044,1451.699951,1451.699951,1173700,1394.3946532666666,1344.18319824,,
2020-01-17,1462.910034,1481.295044,1458.219971,1480.390015,1480.390015,2396200,1402.393986,1347.9503979599995,,
2020-01-21,1479.119995,1491.849976,1471.199951,1484.400024,1484.400024,2036700,1411.2279866,1351.8023974599996,,
2020-01-22,1491.0,1503.213989,1484.930054,1485.949951,1485.949951,1610800,1421.2153156666668,1355.34419678,,
2020-01-23,1487.640015,1495.52002,1482.099976,1486.650024,1486.650024,1351200,1431.190649266667,1358.84979736,,
2020-01-24,1493.589966,1495.494995,1465.25,1466.709961,1466.709961,1784600,1437.8133136666668,1362.20019776,,
2020-01-27,1431.0,1438.069946,1421.199951,1433.900024,1433.900024,1755200,1442.695979666667,1364.90219726,,
2020-01-28,1443.0,1456.0,1432.469971,1452.560059,1452.560059,1577400,1446.5859862000002,1367.99339844,,
2020-01-29,1458.800049,1465.430054,1446.73999,1458.630005,1458.630005,1077700,1450.938655466667,1370.93679932,,
2020-01-30,1439.959961,1457.280029,1436.400024,1455.839966,1455.839966,1339400,1454.3733234666668,1373.35619874,,
2020-01-31,1468.900024,1470.130005,1428.530029,1434.22998,1434.22998,2417200,1455.333325066667,1375.62679932,,
2020-02-03,1462.0,1490.0,1458.98999,1485.939941,1485.939941,3055200,1459.0806558,1379.0363989199998,,
2020-02-04,1457.069946,1469.5,1426.300049,1447.069946,1447.069946,3933000,1459.6033201999999,1381.91679686,,
2020-02-05,1462.420044,1463.839966,1430.560059,1448.22998,1448.22998,1986200,1460.7599851999994,1384.8543969400002,,
2020-02-06,1450.329956,1482.0,1449.569946,1476.22998,1476.22998,1679400,1463.2286537999994,1388.4721972199998,,
2020-02-07,1467.300049,1485.839966,1466.349976,1479.22998,1479.22998,1172300,1465.0639890666666,1391.922998,,
2020-02-10,1474.319946,1509.5,1474.319946,1508.680054,1508.680054,1419900,1466.9499916666662,1395.8255980999998,,
2020-02-11,1511.810059,1529.630005,1505.637939,1508.790039,1508.790039,1344600,1468.5759926666665,1399.74159908,,
2020-02-12,1514.47998,1520.694946,1508.109985,1518.27002,1518.27002,1167600,1470.730663933333,1404.0078002600005,,
2020-02-13,1512.689941,1527.180054,1504.599976,1514.660034,1514.660034,929500,1472.597997933333,1408.50260006,,
2020-02-14,1515.599976,1520.73999,1507.339966,1520.73999,1520.73999,1197800,1476.1999998666665,1413.01179928,,
2020-02-18,1515.0,1531.630005,1512.589966,1519.670044,1519.670044,1120700,1481.9180012,1416.99439938,,
2020-02-19,1525.069946,1532.105957,1521.400024,1526.689941,1526.689941,949300,1486.859993333333,1420.9655981,,
2020-02-20,1522.0,1529.640015,1506.819946,1518.150024,1518.150024,1096600,1490.8279945999998,1424.51619868,,
2020-02-21,1508.030029,1512.214966,1480.439941,1485.109985,1485.109985,1731700,1492.7793292000001,1427.3471972000002,,
2020-02-24,1426.109985,1436.969971,1411.390015,1421.589966,1421.589966,2867100,1491.9366615999998,1428.88579584,,
2020-02-25,1433.0,1438.140015,1382.400024,1388.449951,1388.449951,2478300,1485.4373289333334,1429.75439446,,
2020-02-26,1396.140015,1415.699951,1379.0,1393.180054,1393.180054,2202400,1481.8446694666668,1430.6125951400006,,
2020-02-27,1362.060059,1371.703979,1317.170044,1318.089966,1318.089966,2978300,1473.1686685333334,1430.0177953400002,,
2020-02-28,1277.5,1341.140015,1271.0,1339.329956,1339.329956,3790600,1464.0420002666665,1429.5809935800007,,
2020-03-02,1351.609985,1390.869995,1326.814941,1389.109985,1389.109985,2431500,1458.0340006,1430.2607933800007,,
2020-03-03,1399.420044,1410.150024,1332.0,1341.390015,1341.390015,2402300,1446.8813313333335,1430.0361937800005,,
2020-03-04,1359.22998,1388.089966,1343.109985,1386.52002,1386.52002,1913300,1438.729996733333,1430.6457934000002,,
2020-03-05,1350.199951,1358.910034,1305.099976,1319.040039,1319.040039,2561300,1425.447998,1430.03479486,,1427.74139643
2020-03-06,1277.060059,1306.219971,1261.050049,1298.410034,1298.410034,2660600,1411.0313313333331,1429.02619622,,
2020-03-09,1205.300049,1254.76001,1200.0,1215.560059,1215.560059,3365400,1390.6860025999995,1426.46619622,,
2020-03-10,1260.0,1281.150024,1218.77002,1280.390015,1280.390015,2611400,1374.7340006666666,1424.8659960400007,,
2020-03-11,1249.699951,1260.959961,1196.069946,1215.410034,1215.410034,2608500,1353.9820068666666,1422.13639642,,
2020-03-12,1126.0,1193.869995,1113.300049,1114.910034,1114.910034,4226700,1327.0993408666666,1417.7117968000002,,
2020-03-13,1179.0,1219.76001,1117.142944,1219.72998,1219.72998,3700100,1309.407340533333,1415.3659960000002,,
2020-03-16,1096.0,1152.266968,1074.439941,1084.329956,1084.329956,4252400,1286.9233398666665,1409.7051952200006,,
2020-03-17,1093.109985,1130.859985,1056.01001,1119.800049,1119.800049,3861500,1269.0133464,1404.8879955200007,,
2020-03-18,1056.51001,1106.5,1037.280029,1096.800049,1096.800049,4233400,1249.2546794000002,1398.9397972800007,,
2020-03-19,1093.050049,1157.969971,1060.108032,1115.290039,1115.290039,3651100,1235.7346842666668,1393.3787987400005,,
2020-03-20,1135.719971,1143.98999,1065.48999,1072.319946,1072.319946,3601800,1217.9340169333334,1386.7387987400007,,
2020-03-23,1061.319946,1071.319946,1013.5360109999999,1056.619995,1056.619995,4040500,1195.7680176,1379.4745995200005,,
2020-03-24,1103.77002,1135.0,1090.619995,1134.459961,1134.459961,3344500,1181.9726806666665,1373.5691991400004,,
2020-03-25,1126.469971,1148.900024,1086.01001,1102.48999,1102.48999,4081500,1163.0373453333334,1366.8343993400003,,
2020-03-26,1111.800049,1169.969971,1093.530029,1161.75,1161.75,3571700,1152.551342733333,1361.45179924,,
2020-03-27,1125.670044,1150.670044,1105.910034,1110.709961,1110.709961,3208500,1140.0380045333334,1354.8819994400005,,
2020-03-30,1125.040039,1151.630005,1096.47998,1146.819946,1146.819946,2574100,1135.4553303333334,1348.7843993400004,,
2020-03-31,1147.300049,1175.310059,1138.140015,1162.810059,1162.810059,2486400,1127.6166666,1342.4328002200002,,
2020-04-01,1122.0,1129.689941,1097.449951,1105.619995,1105.619995,2344200,1120.2973306666663,1334.85719964,,
2020-04-02,1098.26001,1126.859985,1096.400024,1120.839966,1120.839966,1964900,1120.6926594666666,1327.55499994,,
2020-04-03,1119.015015,1123.540039,1079.810059,1097.880005,1097.880005,2313400,1112.5693278,1319.77959956,,
2020-04-06,1138.0,1194.660034,1130.939941,1186.920044,1186.920044,2664700,1119.408667,1314.18380122,,
2020-04-07,1221.0,1225.0,1182.22998,1186.51001,1186.51001,2387300,1123.8559977333332,1309.2360009400004,,
2020-04-08,1206.5,1219.069946,1188.160034,1210.280029,1210.280029,1975100,1131.4213297333333,1304.3904003400005,,
2020-04-09,1224.079956,1225.569946,1196.734985,1211.449951,1211.449951,2175400,1137.8319905333335,1299.4467992600005,,
2020-04-13,1209.180054,1220.51001,1187.5980220000001,1217.560059,1217.560059,1739800,1147.5146647333333,1294.6812011200004,,
2020-04-14,1245.089966,1282.069946,1236.930054,1269.22998,1269.22998,2470400,1161.6886637333332,1291.3812011200002,,
2020-04-15,1245.609985,1280.459961,1240.400024,1262.469971,1262.469971,1671700,1170.2226644000002,1286.9118017200005,,
2020-04-16,1274.099976,1279.0,1242.619995,1263.469971,1263.469971,2518100,1180.9546631333333,1283.2398022200005,,
2020-04-17,1284.849976,1294.430054,1271.22998,1283.25,1283.25,1949000,1189.0546631333334,1279.9402026200005,,
2020-04-20,1271.0,1281.599976,1261.369995,1266.609985,1266.609985,1695500,1199.4479980666665,1275.7478027200004,,
2020-04-21,1247.0,1254.27002,1209.709961,1216.339966,1216.339966,2153000,1204.0826660666667,1270.4900024400004,,
2020-04-22,1245.540039,1285.6130369999996,1242.0,1263.209961,1263.209961,2093100,1210.7759928666667,1265.5806005800002,,
2020-04-23,1271.550049,1293.310059,1265.670044,1276.310059,1276.310059,1566200,1222.1553304666668,1260.93100098,,
2020-04-24,1261.170044,1280.400024,1249.449951,1279.310059,1279.310059,1640400,1232.7200033333334,1256.15180176,,
2020-04-27,1296.0,1296.150024,1269.0,1275.880005,1275.880005,1600600,1244.58667,1251.37620118,,
2020-04-28,1287.930054,1288.050049,1232.199951,1233.670044,1233.670044,2951300,1247.7033366666665,1245.63480226,1246.6690694633332,
2020-04-29,1341.459961,1359.98999,1325.339966,1341.47998,1341.47998,3793600,1258.034668,1242.07100098,,
2020-04-30,1324.880005,1352.819946,1322.48999,1348.660034,1348.660034,2665400,1267.2600016666665,1238.51040284,,
2020-05-01,1328.5,1352.069946,1311.0,1320.609985,1320.609985,2072500,1274.5373372666666,1234.55960206,,
2020-05-04,1308.22998,1327.660034,1299.0,1326.800049,1326.800049,1504000,1281.8200032666666,1231.39340334,,
2020-05-05,1337.920044,1373.939941,1337.459961,1351.109985,1351.109985,1651500,1287.2786702666665,1229.9838037200002,,
2020-05-06,1361.689941,1371.119995,1347.290039,1347.300049,1347.300049,1215400,1292.9340087999994,1229.16080568,,
2020-05-07,1365.939941,1377.599976,1355.27002,1372.560059,1372.560059,1397600,1300.2066813333329,1228.74840578,,
2020-05-08,1383.130005,1398.76001,1375.47998,1388.369995,1388.369995,1388100,1307.2146810000004,1230.15400636,,
2020-05-11,1378.280029,1416.530029,1377.1519779999999,1403.26001,1403.26001,1410600,1316.3246826666666,1231.4326074400005,,
2020-05-12,1407.119995,1415.0,1374.77002,1375.73999,1375.73999,1390600,1326.9513509333335,1231.1652075400002,,
2020-05-13,1377.050049,1385.482056,1328.400024,1349.329956,1349.329956,1812600,1332.6926839333332,1231.32400636,,
2020-05-14,1335.02002,1357.420044,1323.910034,1356.130005,1356.130005,1603100,1338.0140136666666,1230.71620606,,
2020-05-15,1350.0,1374.47998,1339.0,1373.189941,1373.189941,1707700,1344.2726724666666,1231.7992041,,
2020-05-18,1361.75,1392.324951,1354.25,1383.939941,1383.939941,1824000,1351.4766682,1233.5098022400002,,
2020-05-19,1386.996948,1392.0,1373.484985,1373.484985,1373.484985,1280600,1360.7976642666667,1236.6683007600002,,
2020-05-20,1389.579956,1410.420044,1387.25,1406.719971,1406.719971,1655400,1365.146997,1239.19489988,,
2020-05-21,1408.0,1415.48999,1393.449951,1402.800049,1402.800049,1385000,1368.7563313333333,1242.9427001800002,,
2020-05-22,1396.709961,1412.76001,1391.829956,1410.420044,1410.420044,1309400,1374.7436686,1248.8529003800004,,
2020-05-26,1437.27002,1441.0,1412.130005,1417.02002,1417.02002,2060600,1380.7583333333334,1252.7987011800005,,
2020-05-27,1417.25,1421.73999,1391.290039,1417.839966,1417.839966,1685800,1385.2069987333334,1259.4689013800005,,
2020-05-28,1396.859985,1440.839966,1396.0,1416.72998,1416.72998,1692200,1389.8356608,1265.4075000000005,,
2020-05-29,1416.939941,1432.569946,1413.349976,1428.920044,1428.920044,1838100,1393.592993133333,1272.0498999000004,,
2020-06-01,1418.390015,1437.959961,1418.0,1431.819946,1431.819946,1217100,1396.4896565333331,1278.3804980400005,,
2020-06-02,1430.550049,1439.609985,1418.829956,1439.219971,1439.219971,1278100,1398.886987266667,1285.7184985400004,,
2020-06-03,1438.300049,1446.552002,1429.7769779999999,1436.380005,1436.380005,1256200,1402.9296549333335,1293.3136987400005,,
2020-06-04,1430.400024,1438.959961,1404.72998,1412.180054,1412.180054,1484300,1407.119661466667,1298.8681006000004,,
2020-06-05,1413.170044,1445.050049,1406.0,1438.390015,1438.390015,1734900,1412.603662133333,1305.5861011000004,,
2020-06-08,1422.339966,1447.98999,1422.339966,1446.609985,1446.609985,1404200,1417.498331733333,1311.2833008000005,,
2020-06-09,1445.359985,1468.0,1443.209961,1456.160034,1456.160034,1409200,1422.3130045999999,1318.1923022600004,,
2020-06-10,1459.540039,1474.259033,1456.27002,1465.849976,1465.849976,1525200,1428.4706706666666,1324.5729028600006,,
2020-06-11,1442.47998,1454.474976,1402.0,1403.839966,1403.839966,1991300,1428.2786703333334,1329.393501,,
2020-06-12,1428.48999,1437.0,1386.02002,1413.180054,1413.180054,1944200,1428.9706706666666,1335.5447021800005,,
2020-06-15,1390.800049,1424.800049,1387.920044,1419.849976,1419.849976,1503900,1429.5993328,1341.5249023800004,,
2020-06-16,1445.219971,1455.02002,1425.900024,1442.719971,1442.719971,1709200,1431.3126628666666,1348.4217017000005,,
2020-06-17,1447.160034,1460.0,1431.380005,1451.119995,1451.119995,1548300,1433.5313314666666,1353.70570072,,
2020-06-18,1449.160034,1451.410034,1427.01001,1435.959961,1435.959961,1581900,1434.8133301999994,1358.69469974,,
2020-06-19,1444.0,1447.800049,1421.349976,1431.719971,1431.719971,3157900,1434.999992,1363.12349858,,
2020-06-22,1429.0,1452.75,1423.209961,1451.859985,1451.859985,1542400,1436.3359945999994,1367.93169926,,
2020-06-23,1455.640015,1475.94104,1445.23999,1464.410034,1464.410034,1429800,1438.0153321333335,1372.86869876,,
2020-06-24,1461.51001,1475.420044,1429.75,1431.969971,1431.969971,1756000,1437.7213298666668,1376.12349858,,
2020-06-25,1429.900024,1442.900024,1420.0,1441.329956,1441.329956,1230500,1439.6646566666668,1379.70069828,,
2020-06-26,1431.390015,1433.449951,1351.98999,1359.900024,1359.900024,4267700,1434.4319906000005,1381.6292993400002,,
2020-06-29,1358.180054,1395.599976,1347.01001,1394.969971,1394.969971,1810200,1430.9893230000002,1383.8636987599998,,
2020-06-30,1390.439941,1418.650024,1383.959961,1413.609985,1413.609985,2042400,1428.152653066667,1386.8036987599994,,
2020-07-01,1411.099976,1443.0,1409.819946,1438.040039,1438.040039,1775200,1426.2986572666666,1391.2377002199994,,
2020-07-02,1446.939941,1482.949951,1446.420044,1464.699951,1464.699951,1859100,1430.3559896000006,1395.2675000199995,,
2020-07-06,1480.060059,1506.589966,1472.859985,1495.699951,1495.699951,1564000,1435.857316066667,1399.6552978599998,,
2020-07-07,1490.0,1516.800049,1483.550049,1485.180054,1485.180054,1458200,1440.2126545999995,1403.7726977599998,,
2020-07-08,1494.319946,1505.880005,1485.630005,1496.0,1496.0,1249700,1443.7646565333334,1408.1750976599994,,
2020-07-09,1506.449951,1522.719971,1488.084961,1510.98999,1510.98999,1423300,1447.7559895333334,1413.72149658,,
2020-07-10,1506.150024,1543.829956,1496.540039,1541.73999,1541.73999,1856300,1454.8079914666666,1417.72669678,,
2020-07-13,1550.0,1577.131958,1505.243042,1511.339966,1511.339966,1846400,1460.1159911333334,1420.9802954199995,,
2020-07-14,1490.310059,1522.949951,1483.5,1520.579956,1520.579956,1585000,1464.6973225333334,1424.9796948399994,,
2020-07-15,1523.130005,1535.329956,1498.0,1513.640015,1513.640015,1610700,1467.9793212666666,1428.7164941599995,,
2020-07-16,1500.0,1518.689941,1486.310059,1518.0,1518.0,1519300,1473.7146565333335,1432.0542944599995,,
2020-07-17,1521.619995,1523.439941,1498.420044,1515.550049,1515.550049,1456700,1478.662662733333,1435.4192944599995,,
2020-07-20,1515.26001,1570.290039,1503.599976,1565.719971,1565.719971,1557300,1492.3839925333332,1439.2824926999995,,
2020-07-21,1586.98999,1586.98999,1554.280029,1558.420044,1558.420044,1218600,1503.2806640666665,1442.6834936799994,,
2020-07-22,1560.5,1570.0,1546.099976,1568.48999,1568.48999,932000,1513.6059977333332,1445.9880932799995,,
2020-07-23,1566.969971,1571.869995,1507.391968,1515.680054,1515.680054,1627600,1518.7819987333328,1448.7868945599994,,
2020-07-24,1498.930054,1517.635986,1488.400024,1511.869995,1511.869995,1544000,1521.926668333333,1452.0376953399993,,
2020-07-27,1515.599976,1540.969971,1515.209961,1530.199951,1530.199951,1246000,1524.2266683333335,1455.5190942599993,,
2020-07-28,1525.180054,1526.47998,1497.660034,1500.339966,1500.339966,1702200,1525.2373291333338,1458.0620947599994,,
2020-07-29,1506.319946,1531.251953,1501.329956,1522.02002,1522.02002,1106500,1526.9719971333334,1460.8236963399993,,
2020-07-30,1497.0,1537.869995,1492.219971,1531.449951,1531.449951,1671400,1528.3359945333334,1463.9829956599995,,
2020-07-31,1505.01001,1508.949951,1454.030029,1482.959961,1482.959961,3439900,1524.4173259333334,1465.50779546,,
2020-08-03,1486.640015,1490.469971,1465.640015,1474.449951,1474.449951,2330200,1521.9579916000002,1466.9407935000004,,
2020-08-04,1476.569946,1485.560059,1458.650024,1464.969971,1464.969971,1903500,1518.2506592666666,1468.0317920400007,,
2020-08-05,1469.300049,1482.410034,1463.459961,1473.609985,1473.609985,1979500,1515.5819906000006,1469.1635913400007,,
2020-08-06,1471.75,1502.390015,1466.0,1500.099976,1500.099976,1995400,1514.3886556666666,1470.80879154,,
2020-08-07,1500.0,1516.844971,1481.640015,1494.48999,1494.48999,1576600,1512.984651733333,1472.3639917400005,,
2020-08-10,1487.180054,1504.074951,1473.079956,1496.099976,1496.099976,1289300,1508.343318733333,1473.7075903799994,,
2020-08-11,1492.439941,1510.0,1478.0,1480.319946,1480.319946,1454400,1503.1366455333334,1474.67759038,,
2020-08-12,1485.579956,1512.385986,1485.25,1506.619995,1506.619995,1437700,1499.0119792000007,1476.0255908600002,,
2020-08-13,1510.339966,1537.25,1508.005005,1518.449951,1518.449951,1455200,1499.196639,1477.66698978,,
2020-08-14,1515.660034,1521.900024,1502.880005,1507.72998,1507.72998,1354800,1498.9206379999994,1479.5779882999998,,
2020-08-17,1514.670044,1525.609985,1507.969971,1517.97998,1517.97998,1378300,1498.1059732666665,1481.1697875999996,,
2020-08-18,1526.180054,1562.469971,1523.709961,1558.599976,1558.599976,2027100,1501.9899739333332,1483.40958742,,
2020-08-19,1553.310059,1573.680054,1543.949951,1547.530029,1547.530029,1660600,1503.6906411999994,1485.2369873199993,,
2020-08-20,1543.449951,1585.869995,1538.199951,1581.75,1581.75,1706900,1507.0439777999998,1487.5549878,,
2020-08-21,1577.030029,1597.719971,1568.005005,1580.420044,1580.420044,1446500,1513.5413166666665,1491.0865893599994,,
2020-08-24,1593.97998,1614.170044,1580.569946,1588.199951,1588.199951,1409900,1521.12465,1494.5869872999995,,
2020-08-25,1582.069946,1611.619995,1582.069946,1608.219971,1608.219971,2247100,1530.67465,1498.3543872000002,,
2020-08-26,1608.0,1659.219971,1603.599976,1652.380005,1652.380005,3993400,1542.5926513333334,1502.54758788,,
2020-08-27,1653.680054,1655.0,1625.75,1634.329956,1634.329956,1861600,1551.5413166666665,1506.2117871,,
2020-08-28,1633.48999,1647.170044,1630.75,1644.410034,1644.410034,1499800,1561.535986266667,1510.3807885600006,,
2020-08-31,1647.890015,1647.964966,1630.310059,1634.180054,1634.180054,1823400,1570.7413248,1514.42999022,,
2020-09-01,1636.630005,1665.72998,1632.219971,1660.709961,1660.709961,1826700,1582.7673258,1518.6069897400002,,
2020-09-02,1673.775024,1733.180054,1666.329956,1728.280029,1728.280029,2511200,1597.5446614,1523.8843896400006,,
2020-09-03,1709.713989,1709.713989,1615.060059,1641.839966,1641.839966,3107800,1605.7706624000002,1528.0817895400005,,
2020-09-04,1624.26001,1645.109985,1547.6130369999994,1591.040039,1591.040039,2608600,1611.3246663333334,1531.0759912000005,,
2020-09-08,1533.51001,1563.86499,1528.01001,1532.390015,1532.390015,2610900,1612.2853353333335,1534.5257910200005,,
2020-09-09,1557.530029,1569.0,1536.051025,1556.959961,1556.959961,1774700,1612.1760009999994,1537.7655908200006,,
2020-09-10,1560.640015,1584.081055,1525.805054,1532.02002,1532.02002,1618600,1611.1420003999995,1540.1337915200006,,
2020-09-11,1536.0,1575.199951,1497.359985,1520.719971,1520.719971,1597100,1607.0733317999993,1541.78739016,,
2020-09-14,1539.005005,1564.0,1515.73999,1519.280029,1519.280029,1696600,1602.9973308,1542.8789917200006,,
2020-09-15,1536.0,1559.569946,1531.834961,1541.439941,1541.439941,1331100,1599.8799967999994,1543.79379152,,
2020-09-16,1555.540039,1562.0,1519.819946,1520.900024,1520.900024,1311700,1594.058667,1544.5081909200005,,
2020-09-17,1496.0,1508.297974,1470.0,1495.530029,1495.530029,1879800,1583.6020019333334,1544.4987915000006,,
2020-09-18,1498.01001,1503.003052,1437.130005,1459.98999,1459.98999,3103900,1571.9793375333334,1543.4787915000006,,
2020-09-21,1440.060059,1448.359985,1406.550049,1431.160034,1431.160034,2888800,1557.762670866667,1541.26719238,,
2020-09-22,1450.089966,1469.52002,1434.530029,1465.459961,1465.459961,1581300,1546.514664666667,1540.3495922800007,,
