Date,Open,High,Low,Close,Adj Close,Volume,SMA15,SMA50,Sell,Buy
2018-01-02,1048.339966,1066.939941,1045.22998,1065.0,1065.0,1237600,,,,
2018-01-03,1064.310059,1086.290039,1063.209961,1082.47998,1082.47998,1430200,,,,
2018-01-04,1088.0,1093.569946,1084.001953,1086.400024,1086.400024,1004600,,,,
2018-01-05,1094.0,1104.25,1092.0,1102.22998,1102.22998,1279100,,,,
2018-01-08,1102.22998,1111.27002,1101.619995,1106.939941,1106.939941,1047600,,,,
2018-01-09,1109.400024,1110.569946,1101.230957,1106.26001,1106.26001,902500,,,,
2018-01-10,1097.099976,1104.599976,1096.109985,1102.609985,1102.609985,1042800,,,,
2018-01-11,1106.300049,1106.525024,1099.589966,1105.52002,1105.52002,978300,,,,
2018-01-12,1102.410034,1124.290039,1101.150024,1122.26001,1122.26001,1720500,,,,
2018-01-16,1132.51001,1139.910034,1117.832031,1121.76001,1121.76001,1575300,,,,
2018-01-17,1126.219971,1132.599976,1117.01001,1131.97998,1131.97998,1202600,,,,
2018-01-18,1131.410034,1132.51001,1117.5,1129.790039,1129.790039,1198200,,,,
2018-01-19,1131.829956,1137.859985,1128.300049,1137.51001,1137.51001,1778200,,,,
2018-01-22,1137.48999,1159.880005,1135.109985,1155.810059,1155.810059,1618000,,,,
2018-01-23,1159.849976,1171.626953,1158.75,1169.969971,1169.969971,1333100,1115.1013,,,
2018-01-24,1177.329956,1179.859985,1161.050049,1164.23999,1164.23999,1416600,1121.7173,,,
2018-01-25,1172.530029,1175.939941,1162.76001,1170.369995,1170.369995,1480500,1127.5767,,,
2018-01-26,1175.079956,1175.839966,1158.109985,1175.839966,1175.839966,2018800,1133.5393,,,
2018-01-29,1176.47998,1186.890015,1171.97998,1175.579956,1175.579956,1378900,1138.4293,,,
2018-01-30,1167.829956,1176.52002,1163.52002,1163.689941,1163.689941,1556300,1142.2127,,,
2018-01-31,1170.569946,1173.0,1159.130005,1169.939941,1169.939941,1538700,1146.458,,,
2018-02-01,1162.609985,1174.0,1157.52002,1167.699951,1167.699951,2412100,1150.7973,,,
2018-02-02,1122.0,1123.069946,1107.277954,1111.900024,1111.900024,4857900,1151.2227,,,
2018-02-05,1090.599976,1110.0,1052.030029,1055.800049,1055.800049,3798300,1146.792,,,
2018-02-06,1027.180054,1081.709961,1023.137024,1080.599976,1080.599976,3448000,1144.048,,,
2018-02-07,1081.540039,1081.780029,1048.26001,1048.579956,1048.579956,2369200,1138.488,,,
2018-02-08,1055.410034,1058.619995,1000.659973,1001.52002,1001.52002,2859100,1129.9367,,,
2018-02-09,1017.25,1043.969971,992.559998,1037.780029,1037.780029,3505900,1123.288,,,
2018-02-12,1048.0,1061.5,1040.9279789999996,1051.939941,1051.939941,2057700,1116.3633,,,
2018-02-13,1045.0,1058.369995,1044.087036,1052.099976,1052.099976,1265100,1108.5053,,,
2018-02-14,1048.949951,1071.719971,1046.75,1069.699951,1069.699951,1555800,1102.2026,,,
2018-02-15,1079.069946,1091.4790039999998,1064.339966,1089.52002,1089.52002,1843400,1096.8126,,,
2018-02-16,1088.410034,1104.670044,1088.312988,1094.800049,1094.800049,1679500,1091.41,,,
2018-02-20,1090.569946,1113.949951,1088.52002,1102.459961,1102.459961,1423100,1086.5353,,,
2018-02-21,1106.469971,1133.969971,1106.329956,1111.339966,1111.339966,1512900,1083.0453,,,
2018-02-22,1116.189941,1122.819946,1102.589966,1106.630005,1106.630005,1317200,1078.8247,,,
2018-02-23,1112.640015,1127.280029,1104.713989,1126.790039,1126.790039,1261000,1076.0973,,,
2018-02-26,1127.800049,1143.959961,1126.694946,1143.75,1143.75,1559100,1078.2207,,,
2018-02-27,1141.23999,1144.040039,1118.0,1118.290039,1118.290039,1774100,1082.3867,,,
2018-02-28,1123.030029,1127.530029,1103.23999,1104.72998,1104.72998,1882600,1083.9953,,,
2018-03-01,1107.869995,1110.119995,1067.000977,1069.52002,1069.52002,2515900,1085.3913,,,
2018-03-02,1053.079956,1081.999023,1048.11499,1078.920044,1078.920044,2271600,1090.5513,,,
2018-03-05,1075.140015,1097.099976,1069.0,1090.930054,1090.930054,1202200,1094.0947,,,
2018-03-06,1099.219971,1101.849976,1089.775024,1095.060059,1095.060059,1532800,1096.9693,,,
2018-03-07,1089.189941,1112.219971,1085.482056,1109.640015,1109.640015,1292500,1100.8053,,,
2018-03-08,1115.319946,1127.599976,1112.800049,1126.0,1126.0,1355100,1104.5587,,,
2018-03-09,1136.0,1160.800049,1132.46106,1160.040039,1160.040039,2128000,1109.26,,,
2018-03-12,1163.849976,1177.050049,1157.420044,1164.5,1164.5,2172300,1113.9067,,,
2018-03-13,1170.0,1176.76001,1133.329956,1138.170044,1138.170044,1907200,1116.2874,,,
2018-03-14,1145.209961,1158.589966,1141.439941,1149.48999,1149.48999,1291400,1118.8307,1112.0876,,
2018-03-15,1149.959961,1161.079956,1134.540039,1149.579956,1149.579956,1395400,1121.694,1113.7792,,
2018-03-16,1154.140015,1155.880005,1131.959961,1135.72998,1135.72998,3092000,1122.29,1114.8442,,
2018-03-19,1120.01001,1121.98999,1089.01001,1099.819946,1099.819946,2805900,1119.3613,1115.1126,,
2018-03-20,1099.0,1105.199951,1083.459961,1097.709961,1097.709961,1831900,1117.9893,1115.0222,,
2018-03-21,1092.73999,1106.300049,1085.150024,1090.880005,1090.880005,1878900,1117.066,1114.701,,
2018-03-22,1081.880005,1082.900024,1045.910034,1049.079956,1049.079956,2667000,1115.7033,1113.5574,,
2018-03-23,1047.030029,1063.359985,1021.219971,1021.570007,1021.570007,2156700,1111.88,1111.9366,1111.88,
2018-03-26,1046.0,1055.630005,1008.400024,1053.209961,1053.209961,2665100,1109.3653,1110.8904,,
2018-03-27,1063.0,1064.838989,996.919983,1005.099976,1005.099976,3095300,1103.368,1108.5472,,
2018-03-28,998.0,1024.22998,980.640015,1004.559998,1004.559998,3369300,1096.3627,1106.2032,,
2018-03-29,1011.630005,1043.0,1002.900024,1031.790039,1031.790039,2726800,1090.0819999999999,1104.1994,,
2018-04-02,1022.820007,1034.800049,990.369995,1006.469971,1006.469971,2680400,1079.844,1101.733,,
2018-04-03,1013.909973,1020.98999,994.070007,1013.409973,1013.409973,2275100,1069.7713,1099.251,,
2018-04-04,993.409973,1028.718018,993.0,1025.140015,1025.140015,2484700,1062.236,1096.6376,,
2018-04-05,1041.329956,1042.790039,1020.130981,1027.810059,1027.810059,1363000,1054.124,1093.7944,,
2018-04-06,1020.0,1031.420044,1003.030029,1007.039978,1007.039978,1746400,1044.6213,1090.6504,,
2018-04-09,1016.799988,1039.599976,1014.080017,1015.450012,1015.450012,1751600,1036.6027,1087.552,,
2018-04-10,1026.439941,1036.280029,1011.340027,1031.640015,1031.640015,1974500,1032.0573,1084.6680000000001,,
2018-04-11,1027.98999,1031.364014,1015.869995,1019.969971,1019.969971,1483900,1026.8747,1081.5558,,
2018-04-12,1025.040039,1040.689941,1021.434998,1032.51001,1032.51001,1357000,1022.9833,1078.9322,,
2018-04-13,1040.880005,1046.420044,1022.97998,1029.27002,1029.27002,1223000,1021.6627,1076.1188,,
2018-04-16,1037.0,1043.23999,1026.73999,1037.97998,1037.97998,1211200,1022.7567,1073.5244,,
2018-04-17,1051.369995,1077.880005,1048.26001,1074.160034,1074.160034,2320300,1024.1533,1072.7696,,
2018-04-18,1077.430054,1077.430054,1066.224976,1072.079956,1072.079956,1344100,1028.6187,1073.0952,,
2018-04-19,1069.400024,1094.165039,1068.180054,1087.699951,1087.699951,1747700,1034.1613,1073.2372,,
2018-04-20,1082.0,1092.349976,1069.569946,1072.959961,1072.959961,1889700,1036.906,1073.7248,,
2018-04-23,1077.859985,1082.719971,1060.699951,1067.449951,1067.449951,2341300,1040.9713,1075.0434,,
2018-04-24,1052.0,1057.0,1010.590027,1019.97998,1019.97998,4760300,1041.4093,1074.6874,,
2018-04-25,1025.52002,1032.48999,1015.309998,1021.179993,1021.179993,2391100,1041.1453,1074.0722,,
2018-04-26,1029.51001,1047.97998,1018.190002,1040.040039,1040.040039,2079500,1041.9607,1073.8310000000001,,
2018-04-27,1046.0,1049.5,1025.589966,1030.050049,1030.050049,1619800,1043.4947,1073.038,,
2018-04-30,1030.01001,1037.0,1016.849976,1017.330017,1017.330017,1671300,1043.62,1071.5942,,
2018-05-01,1013.659973,1038.469971,1008.210022,1037.310059,1037.310059,1427900,1043.998,1070.4444,,
2018-05-02,1028.099976,1040.389038,1022.869995,1024.380005,1024.380005,1603100,1044.292,1068.8828,,
2018-05-03,1019.0,1029.675049,1006.289978,1023.719971,1023.719971,1815100,1043.7060000000001,1067.1304,,
2018-05-04,1016.900024,1048.51001,1016.900024,1048.209961,1048.209961,1938700,1044.9687,1065.962,,
2018-05-07,1049.22998,1061.680054,1047.099976,1054.790039,1054.790039,1466100,1046.0893,1064.522,,
2018-05-08,1058.540039,1060.550049,1047.14502,1053.910034,1053.910034,1217700,1044.7393,1062.7252,,
2018-05-09,1058.099976,1085.439941,1056.36499,1082.76001,1082.76001,2032800,1045.4513,1062.0146,,
2018-05-10,1086.030029,1100.439941,1085.640015,1097.569946,1097.569946,1443000,1046.1093,1061.8714,,
2018-05-11,1093.599976,1101.329956,1090.910034,1098.26001,1098.26001,1253700,1047.796,1062.4462,,
2018-05-14,1100.0,1110.75,1099.109985,1100.199951,1100.199951,1518100,1049.9793,1062.8718,,
2018-05-15,1090.0,1090.050049,1073.469971,1079.22998,1079.22998,1494900,1053.9293,1062.6378,,
2018-05-16,1077.310059,1089.27002,1076.26001,1081.77002,1081.77002,1097300,1057.9687,1062.372,,
2018-05-17,1079.890015,1086.869995,1073.5,1078.589966,1078.589966,1043800,1060.5387,1061.751,,
2018-05-18,1061.859985,1069.939941,1060.680054,1066.359985,1066.359985,1565200,1062.9593,1060.5582,,1062.9593
2018-05-21,1074.060059,1088.0,1073.650024,1079.579956,1079.579956,1023200,1067.1093,1058.9489999999996,,
2018-05-22,1083.560059,1086.589966,1066.689941,1069.72998,1069.72998,1090000,1069.2707,1057.0536,,
2018-05-23,1065.130005,1080.780029,1061.709961,1079.689941,1079.689941,1060700,1072.958,1055.884,,
2018-05-24,1079.0,1080.469971,1066.150024,1079.23999,1079.23999,766800,1076.6593,1054.479,,
2018-05-25,1079.02002,1082.560059,1073.775024,1075.660034,1075.660034,899400,1078.4893,1053.0006,,
2018-05-29,1064.890015,1073.369995,1055.219971,1060.319946,1060.319946,1865100,1078.858,1051.4924,,
2018-05-30,1063.030029,1069.209961,1056.829956,1067.800049,1067.800049,1138500,1079.7839999999999,1050.8519999999999,,
2018-05-31,1067.560059,1097.189941,1067.560059,1084.98999,1084.98999,3088300,1079.9326,1050.5976,,
2018-06-01,1099.349976,1120.0,1098.5,1119.5,1119.5,2421600,1081.3947,1051.17,,
2018-06-04,1122.329956,1141.890015,1122.005005,1139.290039,1139.290039,1889600,1084.13,1052.9742,,
2018-06-05,1140.98999,1145.7380369999996,1133.189941,1139.660034,1139.660034,1678000,1086.7607,1055.336,,
2018-06-06,1142.170044,1143.0,1125.743042,1136.880005,1136.880005,1698200,1090.604,1057.0094,,
2018-06-07,1131.319946,1135.819946,1116.52002,1123.859985,1123.859985,1520000,1093.41,1059.3846,,
2018-06-08,1118.180054,1126.670044,1112.150024,1120.869995,1120.869995,1290800,1096.2287,1061.7108,,
2018-06-11,1118.599976,1137.26001,1118.599976,1129.98999,1129.98999,1079300,1100.4707,1063.6748,,
2018-06-12,1131.069946,1139.790039,1130.734985,1139.319946,1139.319946,912000,1104.4533,1066.3318,,
2018-06-13,1141.119995,1146.5,1133.380005,1134.790039,1134.790039,1506400,1108.7907,1068.7594,,
2018-06-14,1143.849976,1155.469971,1140.640015,1152.119995,1152.119995,1343400,1113.6193,1071.299,,
2018-06-15,1148.859985,1153.420044,1143.484985,1152.26001,1152.26001,2122500,1118.4873,1073.788,,
2018-06-18,1143.650024,1174.310059,1143.589966,1173.459961,1173.459961,1413700,1125.0073,1077.1164,,
2018-06-19,1158.5,1171.27002,1154.01001,1168.060059,1168.060059,1621000,1132.19,1080.1686,,
2018-06-20,1175.310059,1186.286011,1169.160034,1169.839966,1169.839966,1648500,1138.9927,1082.9326,,
2018-06-21,1174.849976,1177.295044,1152.232056,1157.660034,1157.660034,1238100,1143.8373,1085.6864,,
2018-06-22,1159.140015,1162.496948,1147.26001,1155.47998,1155.47998,1311000,1146.236,1088.1458,,
2018-06-25,1143.599976,1143.910034,1112.780029,1124.810059,1124.810059,2157300,1145.2707,1090.0566,,
2018-06-26,1128.0,1133.209961,1116.659058,1118.459961,1118.459961,1563200,1143.8573,1091.6662,,
2018-06-27,1121.339966,1131.83606,1103.619995,1103.97998,1103.97998,1293900,1141.664,1092.2626,,
2018-06-28,1102.089966,1122.310059,1096.01001,1114.219971,1114.219971,1072400,1141.0213,1093.1054,,
2018-06-29,1120.0,1128.227051,1115.0,1115.650024,1115.650024,1315100,1140.6733,1093.6644,,
2018-07-02,1099.0,1128.0,1093.800049,1127.459961,1127.459961,1217300,1140.5047,1094.7544,,
2018-07-03,1135.819946,1135.819946,1100.02002,1102.890015,1102.890015,679000,1138.076,1095.4632,,
2018-07-05,1110.530029,1127.5,1108.47998,1124.27002,1124.27002,1066700,1137.3747,1097.549,,
2018-07-06,1123.579956,1140.930054,1120.737061,1140.170044,1140.170044,996100,1136.578,1099.9288,,
2018-07-09,1148.47998,1154.670044,1143.420044,1154.050049,1154.050049,909000,1136.6973,1102.2089999999996,,
2018-07-10,1156.97998,1159.589966,1149.589966,1152.839966,1152.839966,798400,1135.3227,1104.6648,,
2018-07-11,1144.589966,1164.290039,1141.0,1153.900024,1153.900024,1120000,1134.3787,1107.3962,,
2018-07-12,1159.890015,1184.410034,1155.935059,1183.47998,1183.47998,1251900,1135.288,1110.3196,,
2018-07-13,1185.0,1195.416992,1180.0,1188.819946,1188.819946,1221900,1137.3653,1113.6084,,
2018-07-16,1189.390015,1191.0,1179.280029,1183.859985,1183.859985,1055700,1139.2573,1116.8112,,
2018-07-17,1172.219971,1203.040039,1170.599976,1198.800049,1198.800049,1610400,1144.19,1119.823,,
2018-07-18,1196.560059,1204.5,1190.339966,1195.880005,1195.880005,1393600,1149.3513,1122.6448,,
2018-07-19,1191.0,1200.0,1183.319946,1186.959961,1186.959961,1276700,1154.8833,1125.3058,,
2018-07-20,1186.959961,1196.859985,1184.219971,1184.910034,1184.910034,1247400,1159.596,1127.3488,,
2018-07-23,1181.01001,1206.48999,1181.0,1205.5,1205.5,2619200,1165.586,1129.5074,,
2018-07-24,1262.589966,1266.0,1235.560059,1248.079956,1248.079956,3318200,1173.6273,1132.5038,,
2018-07-25,1239.130005,1265.859985,1239.130005,1263.699951,1263.699951,2127800,1184.348,1135.7738,,
2018-07-26,1251.0,1269.7709960000002,1249.02002,1268.329956,1268.329956,2405600,1193.952,1139.5558,,
2018-07-27,1271.0,1273.890015,1231.0,1238.5,1238.5,2130600,1200.5073,1142.6904,,
2018-07-30,1228.01001,1234.916016,1211.469971,1219.73999,1219.73999,1849900,1204.8867,1145.5134,,
2018-07-31,1220.01001,1227.588013,1205.599976,1217.26001,1217.26001,1644700,1209.1813,1148.5314,,
2018-08-01,1228.0,1233.469971,1210.209961,1220.01001,1220.01001,1567200,1213.5887,1151.34,,
2018-08-02,1205.900024,1229.880005,1204.790039,1226.150024,1226.150024,1531300,1216.4333,1154.4684,,
2018-08-03,1229.619995,1230.0,1215.060059,1223.709961,1223.709961,1089600,1218.7593,1157.3488,,
2018-08-06,1225.0,1226.088013,1215.796997,1224.77002,1224.77002,1081700,1221.4867,1160.2594,,
2018-08-07,1237.0,1251.170044,1236.170044,1242.219971,1242.219971,1494000,1224.3813,1163.5906,,
2018-08-08,1240.469971,1256.5,1238.008057,1245.609985,1245.609985,1370300,1227.6967,1167.2964,,
2018-08-09,1249.900024,1255.541992,1246.01001,1249.099976,1249.099976,848600,1231.8393,1170.9224,,
2018-08-10,1243.0,1245.694946,1232.0,1237.609985,1237.609985,1108700,1235.3527,1173.9748,,
2018-08-13,1236.97998,1249.272949,1233.640991,1235.01001,1235.01001,997300,1237.32,1176.285,,
2018-08-14,1235.189941,1245.869995,1225.109985,1242.099976,1242.099976,1348100,1236.9213,1178.3412,,
2018-08-15,1229.26001,1235.23999,1209.51001,1214.380005,1214.380005,1828800,1233.6333,1179.8356,,
2018-08-16,1224.72998,1226.0,1202.550049,1206.48999,1206.48999,1343200,1229.5107,1181.2278,,
2018-08-17,1202.030029,1209.02002,1188.23999,1200.959961,1200.959961,1389600,1227.008,1182.7698,,
2018-08-20,1205.02002,1211.0,1194.625977,1207.77002,1207.77002,870800,1226.21,1184.5078,,
2018-08-21,1208.0,1217.26001,1200.3540039999998,1201.619995,1201.619995,1205600,1225.1673,1185.9404,,
2018-08-22,1200.0,1211.839966,1199.0,1207.329956,1207.329956,887400,1224.322,1187.3006,,
2018-08-23,1207.140015,1221.280029,1204.23999,1205.380005,1205.380005,992600,1222.9373,1188.7124,,
2018-08-24,1208.819946,1221.650024,1206.359009,1220.650024,1220.650024,946600,1222.7333,1190.083,,
2018-08-27,1227.599976,1243.089966,1225.715942,1241.819946,1241.819946,1156300,1223.87,1191.8742,,
2018-08-28,1241.290039,1242.545044,1228.689941,1231.150024,1231.150024,1304000,1223.132,1193.028,,
2018-08-29,1237.449951,1250.660034,1236.359009,1249.300049,1249.300049,1298900,1223.378,1194.6528,,
2018-08-30,1244.22998,1253.63501,1232.589966,1239.119995,1239.119995,1331400,1222.7127,1196.0384,,
2018-08-31,1234.97998,1238.660034,1211.285034,1218.189941,1218.189941,1816400,1221.4180000000001,1197.249,,
2018-09-04,1204.27002,1212.98999,1192.5,1197.0,1197.0,1831000,1218.884,1198.0794,,
2018-09-05,1193.800049,1199.01001,1162.0,1186.47998,1186.47998,2061300,1215.1760000000004,1199.3128,,
2018-09-06,1186.300049,1186.300049,1152.0,1171.439941,1171.439941,1888500,1212.3133,1200.3724,,
2018-09-07,1158.670044,1175.26001,1157.214966,1164.829956,1164.829956,1401300,1209.536,1201.5894,,
2018-09-10,1172.189941,1174.540039,1160.109985,1164.640015,1164.640015,1115400,1207.1147,1202.5978,,
2018-09-11,1161.630005,1178.680054,1156.23999,1177.359985,1177.359985,1209300,1205.0873,1203.8319999999999,,
2018-09-12,1172.719971,1178.609985,1158.359985,1162.819946,1162.819946,1295500,1202.5007,1204.5392,1202.5007,
2018-09-13,1170.73999,1178.609985,1162.849976,1175.329956,1175.329956,1431200,1200.3673,1205.988,,
2018-09-14,1179.099976,1180.425049,1168.329956,1172.530029,1172.530029,944000,1198.1773,1206.9532,,
2018-09-17,1170.140015,1177.23999,1154.030029,1156.050049,1156.050049,1306500,1193.8707,1207.2708,,
2018-09-18,1157.089966,1176.079956,1157.089966,1161.219971,1161.219971,1203600,1188.4973,1207.4142,,
2018-09-19,1164.97998,1173.209961,1154.579956,1171.089966,1171.089966,1191400,1184.4933,1207.7792,,
2018-09-20,1179.98999,1189.890015,1173.359985,1186.869995,1186.869995,1225400,1180.3313,1208.4386,,
2018-09-21,1192.0,1192.209961,1166.040039,1166.089966,1166.089966,4405600,1175.4626,1208.0908,,
2018-09-24,1157.170044,1178.0,1146.910034,1173.369995,1173.369995,1271000,1172.4747,1207.7818,,
2018-09-25,1176.150024,1186.880005,1168.0,1184.650024,1184.650024,977700,1171.6513,1207.7976,,
2018-09-26,1185.150024,1194.22998,1174.765015,1180.48999,1180.48999,1462300,1171.252,1207.4314,,
2018-09-27,1186.72998,1202.099976,1183.630005,1194.640015,1194.640015,1260800,1172.7987,1207.4066,,
2018-09-28,1191.869995,1195.410034,1184.5,1193.469971,1193.469971,1380600,1174.708,1207.5368,,
2018-10-01,1199.890015,1209.900024,1190.300049,1195.310059,1195.310059,1357600,1176.7527,1207.7448,,
2018-10-02,1190.959961,1209.959961,1186.630005,1200.109985,1200.109985,1687900,1178.2693,1207.637,,
2018-10-03,1205.0,1206.410034,1193.829956,1202.949951,1202.949951,1256200,1180.9447,1206.7344,,
2018-10-04,1195.329956,1197.51001,1155.57605,1168.189941,1168.189941,2209500,1180.4687,1204.8242,,
2018-10-05,1167.5,1173.5,1145.119995,1157.349976,1157.349976,1184300,1179.4567,1202.6046,,
2018-10-08,1150.109985,1168.0,1127.364014,1148.969971,1148.969971,1932400,1178.9847,1200.8139999999999,,
2018-10-09,1146.150024,1154.349976,1137.5720210000004,1138.819946,1138.819946,1308700,1177.4913,1199.1956,,
2018-10-10,1131.079956,1132.170044,1081.130005,1081.219971,1081.219971,2675700,1171.5,1196.4748,,
2018-10-11,1072.939941,1106.400024,1068.27002,1079.319946,1079.319946,2949000,1164.33,1193.661,,
2018-10-12,1108.0,1115.0,1086.401978,1110.079956,1110.079956,2101300,1160.596,1191.3396,,
2018-10-15,1108.910034,1113.446045,1089.0,1092.25,1092.25,1372400,1155.188,1188.7104,,
2018-10-16,1104.589966,1124.219971,1102.5,1121.280029,1121.280029,1928500,1150.9633,1186.6406,,
2018-10-17,1126.459961,1128.98999,1102.189941,1115.689941,1115.689941,1467200,1146.6433,1184.11,,
2018-10-18,1121.839966,1121.839966,1077.089966,1087.969971,1087.969971,2094500,1139.532,1180.9572,,
2018-10-19,1093.369995,1110.359985,1087.75,1096.459961,1096.459961,1267600,1133.0646,1177.9044,,
2018-10-22,1103.060059,1112.22998,1091.0,1101.160034,1101.160034,1514200,1126.788,1175.1754,,
2018-10-23,1080.890015,1107.890015,1070.0,1103.689941,1103.689941,1848700,1120.36,1172.549,,
2018-10-24,1104.25,1106.119995,1048.73999,1050.709961,1050.709961,1982400,1110.2106,1168.7212,,
2018-10-25,1071.790039,1110.97998,1069.550049,1095.569946,1095.569946,2545800,1105.3693,1166.345,,
2018-10-26,1037.030029,1106.530029,1034.089966,1071.469971,1071.469971,4187600,1099.644,1163.6446,,
2018-10-29,1082.469971,1097.040039,995.830017,1020.080017,1020.080017,3880700,1091.0513,1160.027,,
2018-10-30,1008.460022,1037.48999,1000.75,1036.209961,1036.209961,3212700,1084.2106,1156.5958,,
2018-10-31,1059.810059,1091.939941,1057.0,1076.77002,1076.77002,2529800,1083.914,1154.0988,,
2018-11-01,1075.800049,1083.974976,1062.459961,1070.0,1070.0,1482000,1083.2926,1151.3522,,
2018-11-02,1073.72998,1082.974976,1054.609985,1057.790039,1057.790039,1839000,1079.8067,1148.4004,,
2018-11-05,1055.0,1058.469971,1021.23999,1040.089966,1040.089966,2441400,1076.3293,1144.7892,,
2018-11-06,1039.47998,1064.344971,1038.069946,1055.810059,1055.810059,1233300,1071.9647,1141.069,,
2018-11-07,1069.0,1095.459961,1065.900024,1093.390015,1093.390015,2058400,1070.478,1138.3138,,
2018-11-08,1091.380005,1093.27002,1072.204956,1082.400024,1082.400024,1488200,1070.1067,1134.9758,,
2018-11-09,1073.98999,1075.560059,1053.109985,1066.150024,1066.150024,1343200,1068.086,1131.5164,,
2018-11-12,1061.390015,1062.119995,1031.0,1038.630005,1038.630005,1471800,1063.9173,1127.9252,,
2018-11-13,1043.290039,1056.60498,1031.150024,1036.050049,1036.050049,1513700,1059.4080000000001,1124.7062,,
2018-11-14,1050.0,1054.563965,1031.0,1043.660034,1043.660034,1565900,1058.938,1121.8498,,
2018-11-15,1044.709961,1071.849976,1031.780029,1064.709961,1064.709961,1836100,1056.8807,1119.7152,,
2018-11-16,1059.410034,1067.0,1048.97998,1061.48999,1061.48999,1658100,1056.2153,1117.6484,,
2018-11-19,1057.199951,1060.790039,1016.26001,1020.0,1020.0,1858600,1056.21,1114.7556,,
2018-11-20,1000.0,1031.73999,996.02002,1025.76001,1025.76001,2449100,1055.5133,1111.7236,,
2018-11-21,1036.76001,1048.560059,1033.469971,1037.609985,1037.609985,1534300,1052.9027,1109.2194,,
2018-11-23,1030.0,1037.589966,1022.398987,1023.880005,1023.880005,691500,1049.828,1106.1904,,
2018-11-26,1038.349976,1049.310059,1033.910034,1048.619995,1048.619995,1942800,1049.2167,1103.7122,,
2018-11-27,1041.0,1057.579956,1038.48999,1044.410034,1044.410034,1803200,1049.5047,1101.4794,,
2018-11-28,1048.76001,1086.839966,1035.76001,1086.22998,1086.22998,2475400,1051.5327,1099.9796,,
2018-11-29,1076.079956,1094.244995,1076.0,1088.300049,1088.300049,1468900,1051.1933,1098.3238,,
2018-11-30,1089.069946,1095.569946,1077.880005,1094.430054,1094.430054,2580200,1051.9953,1096.475,,
2018-12-03,1123.140015,1124.650024,1103.665039,1106.430054,1106.430054,1991200,1054.6807,1095.2818,,
2018-12-04,1103.119995,1104.420044,1049.97998,1050.819946,1050.819946,2345200,1055.4933,1092.8308,,
2018-12-06,1034.26001,1071.199951,1030.77002,1068.72998,1068.72998,2769200,1057.672,1090.5124,,
2018-12-07,1060.01001,1075.26001,1028.5,1036.579956,1036.579956,2101200,1057.2,1087.6342,,
2018-12-10,1035.050049,1048.449951,1023.289978,1039.550049,1039.550049,1807700,1055.5227,1084.5324,,
2018-12-11,1056.48999,1060.599976,1039.839966,1051.75,1051.75,1394700,1054.8733,1081.698,,
2018-12-12,1068.0,1081.650024,1062.790039,1063.680054,1063.680054,1523800,1057.7853,1079.0654,,
2018-12-13,1068.069946,1079.76001,1053.930054,1061.900024,1061.900024,1329800,1060.1947,1076.3012,,
2018-12-14,1049.97998,1062.599976,1040.790039,1042.099976,1042.099976,1686600,1060.494,1073.0842,,
2018-12-17,1037.51001,1053.150024,1007.900024,1016.530029,1016.530029,2385400,1060.004,1070.0510000000004,,
2018-12-18,1026.089966,1049.47998,1021.440002,1028.709961,1028.709961,2192500,1058.6767,1067.4782,,
2018-12-19,1033.98999,1062.0,1008.049988,1023.01001,1023.01001,2479300,1057.25,1064.9589999999996,,
2018-12-20,1018.130005,1034.219971,996.359985,1009.409973,1009.409973,2673500,1052.1287,1062.3708,,
2018-12-21,1015.299988,1024.02002,973.690002,979.539978,979.539978,4596000,1044.878,1060.3372,,
2018-12-24,973.900024,1003.539978,970.109985,976.219971,976.219971,1590300,1036.9973,1058.2752,,
2018-12-26,989.01001,1040.0,983.0,1039.459961,1039.459961,2373300,1032.5327,1056.8628,,
2018-12-27,1017.150024,1043.890015,997.0,1043.880005,1043.880005,2109800,1032.07,1055.8954,,
2018-12-28,1049.619995,1055.560059,1033.099976,1037.079956,1037.079956,1414800,1029.96,1054.2114,,
2018-12-31,1050.959961,1052.699951,1023.590027,1035.609985,1035.609985,1493300,1029.8953,1052.6098,,
2019-01-02,1016.570007,1052.319946,1015.710022,1045.849976,1045.849976,1532600,1030.3153,1051.7674,,
2019-01-03,1041.0,1056.97998,1014.070007,1016.059998,1016.059998,1841100,1027.9360000000001,1050.1594,,
2019-01-04,1032.589966,1070.839966,1027.417969,1070.709961,1070.709961,2093900,1028.4047,1049.5504,,
2019-01-07,1071.5,1074.0,1054.76001,1068.390015,1068.390015,1981900,1028.8373,1048.8444,,
2019-01-08,1076.109985,1084.560059,1060.530029,1076.280029,1076.280029,1764900,1031.116,1049.3558,,
2019-01-09,1081.650024,1082.630005,1066.400024,1074.660034,1074.660034,1199300,1034.9913,1048.9376,,
2019-01-10,1067.660034,1071.150024,1057.709961,1070.329956,1070.329956,1456400,1037.766,1048.9148,,
2019-01-11,1063.180054,1063.775024,1048.47998,1057.189941,1057.189941,1520800,1040.0446,1049.657,,
2019-01-14,1046.920044,1051.530029,1041.255005,1044.689941,1044.689941,1144300,1042.3966,1049.8266,,
2019-01-15,1050.170044,1080.050049,1047.339966,1077.150024,1077.150024,1463600,1048.904,1049.8342,,
2019-01-16,1080.0,1092.375,1079.339966,1080.969971,1080.969971,1331800,1055.8873,1050.0536,,1055.8873
2019-01-17,1079.469971,1091.800049,1073.5,1089.900024,1089.900024,1242700,1059.25,1050.6958,,
2019-01-18,1100.0,1108.352051,1090.900024,1098.26001,1098.26001,1955600,1062.8753,1051.8592,,
2019-01-22,1088.0,1091.51001,1063.469971,1070.52002,1070.52002,1613500,1065.1047,1052.1534,,
2019-01-23,1077.349976,1084.930054,1059.75,1075.569946,1075.569946,967000,1067.7687,1051.797,,
2019-01-24,1076.47998,1079.474976,1060.699951,1073.900024,1073.900024,1361300,1069.6387,1051.627,,
2019-01-25,1085.0,1094.0,1081.819946,1090.98999,1090.98999,1119100,1074.634,1052.1238,,
2019-01-28,1080.109985,1083.0,1063.800049,1070.079956,1070.079956,1284300,1074.5919999999999,1052.7528,,
2019-01-29,1072.680054,1075.150024,1055.86499,1060.619995,1060.619995,1021800,1074.0739999999996,1053.2442,,
2019-01-30,1068.430054,1091.0,1066.849976,1089.060059,1089.060059,1279800,1074.9260000000004,1054.1522,,
2019-01-31,1103.0,1117.329956,1095.410034,1116.369995,1116.369995,1538300,1077.7067,1055.1854,,
2019-02-01,1112.400024,1125.0,1104.890015,1110.75,1110.75,1462200,1080.4013,1056.1706,,
2019-02-04,1112.660034,1132.800049,1109.02002,1132.800049,1132.800049,2576500,1085.442,1058.4266,,
2019-02-05,1124.839966,1146.849976,1117.248047,1145.98999,1145.98999,3552200,1092.1953,1060.8312,,
2019-02-06,1139.569946,1147.0,1112.77002,1115.22998,1115.22998,2105600,1094.734,1062.3836,,
2019-02-07,1104.160034,1104.839966,1086.0,1098.709961,1098.709961,2044800,1095.9167,1063.8802,,
2019-02-08,1087.0,1098.910034,1086.550049,1095.060059,1095.060059,1075800,1096.2607,1064.809,,
2019-02-11,1096.949951,1105.944946,1092.859985,1095.01001,1095.01001,1065200,1096.0439999999999,1065.8210000000001,,
2019-02-12,1106.800049,1125.295044,1105.849976,1121.369995,1121.369995,1609100,1099.434,1066.5238,,
2019-02-13,1124.98999,1134.72998,1118.5,1120.160034,1120.160034,1049800,1102.4067,1067.161,,
2019-02-14,1118.050049,1128.22998,1110.444946,1121.670044,1121.670044,947600,1105.5913,1067.7058,,
2019-02-15,1130.079956,1131.670044,1110.650024,1113.650024,1113.650024,1449800,1107.1019999999999,1067.8502,,
2019-02-19,1110.0,1121.890015,1110.0,1118.560059,1118.560059,1046400,1110.3339999999996,1069.205,,
2019-02-20,1119.98999,1123.410034,1105.280029,1113.800049,1113.800049,1087800,1113.8794,1070.1064,,
2019-02-21,1110.839966,1111.939941,1092.52002,1096.969971,1096.969971,1415100,1114.4067,1071.3142,,
2019-02-22,1100.900024,1111.23999,1095.599976,1110.369995,1110.369995,1049500,1114.0067,1072.7306,,
2019-02-25,1116.0,1118.540039,1107.27002,1109.400024,1109.400024,1413100,1113.9167,1073.8836,,
2019-02-26,1105.75,1119.51001,1099.920044,1115.130005,1115.130005,1471300,1112.7387,1074.9126,,
2019-02-27,1106.949951,1117.97998,1101.0,1116.050049,1116.050049,968400,1110.7427,1075.9956,,
2019-02-28,1111.300049,1127.650024,1111.01001,1119.920044,1119.920044,1542500,1111.0554,1077.552,,
2019-03-01,1124.900024,1142.969971,1124.75,1140.98999,1140.98999,1450300,1113.874,1080.0412,,
2019-03-04,1146.98999,1158.280029,1130.689941,1147.800049,1147.800049,1446000,1117.39,1082.423,,
2019-03-05,1150.060059,1169.609985,1146.194946,1162.030029,1162.030029,1443200,1121.858,1085.2034,,
2019-03-06,1162.48999,1167.56604,1155.48999,1157.859985,1157.859985,1099300,1124.2907,1088.1724,,
2019-03-07,1155.719971,1156.755005,1134.910034,1143.300049,1143.300049,1166600,1125.8334,1091.4476,,
2019-03-08,1126.72998,1147.079956,1123.300049,1142.319946,1142.319946,1212400,1127.21,1094.7696,,
2019-03-11,1144.449951,1176.189941,1144.449951,1175.76001,1175.76001,1719200,1131.3507,1097.4956,,
2019-03-12,1178.26001,1200.0,1178.26001,1193.199951,1193.199951,2013100,1136.3267,1100.482,,
2019-03-13,1200.64502,1200.930054,1191.939941,1193.319946,1193.319946,1435900,1141.628,1103.6068,,
2019-03-14,1194.51001,1197.880005,1184.47998,1185.550049,1185.550049,1172800,1147.5333,1106.6056,,
2019-03-15,1193.380005,1196.569946,1182.609985,1184.459961,1184.459961,2461800,1152.4727,1109.3778,,
2019-03-18,1183.300049,1190.0,1177.421021,1184.26001,1184.26001,1292600,1157.4633,1112.7418,,
2019-03-19,1188.810059,1200.0,1185.869995,1198.849976,1198.849976,1520700,1163.0447,1115.3046,,
2019-03-20,1197.349976,1227.140015,1196.170044,1223.969971,1223.969971,2227400,1170.2393,1118.4162,,
2019-03-21,1216.0,1231.790039,1213.150024,1231.540039,1231.540039,1204000,1177.6807,1121.5214,,
2019-03-22,1226.319946,1230.0,1202.824951,1205.5,1205.5,1714200,1181.9813,1124.1382,,
2019-03-25,1196.930054,1206.397949,1187.040039,1193.0,1193.0,1496800,1184.9947,1126.5916,,
2019-03-26,1198.530029,1202.829956,1176.719971,1184.619995,1184.619995,1901200,1186.5007,1129.1402,,
2019-03-27,1185.5,1187.55896,1159.369995,1173.02002,1173.02002,1400200,1187.5113,1131.7068,,
2019-03-28,1171.540039,1171.564941,1159.43103,1168.48999,1168.48999,1012400,1189.1907,1133.5336,,
2019-03-29,1174.900024,1178.98999,1162.880005,1173.310059,1173.310059,1269900,1191.2567,1135.3804,,
2019-04-01,1184.099976,1196.660034,1182.0,1194.430054,1194.430054,1252500,1192.5013,1137.471,,
2019-04-02,1195.319946,1201.349976,1185.709961,1200.48999,1200.48999,827900,1192.9873,1139.5156,,
2019-04-03,1207.47998,1216.300049,1200.5,1205.920044,1205.920044,1017800,1193.8273,1142.2236,,
2019-04-04,1205.939941,1215.670044,1204.130005,1215.0,1215.0,950000,1195.7907,1145.0122,,
2019-04-05,1214.98999,1216.219971,1205.030029,1207.150024,1207.150024,907200,1197.3033,1147.6772,,
2019-04-08,1207.890015,1208.689941,1199.859985,1203.839966,1203.839966,860200,1198.6087,1149.9342,,
2019-04-09,1196.0,1202.290039,1193.079956,1197.25,1197.25,876400,1198.502,1152.4776,,
2019-04-10,1200.680054,1203.785034,1196.435059,1202.160034,1202.160034,724600,1197.048,1155.3084,,
2019-04-11,1203.959961,1207.959961,1200.130005,1204.619995,1204.619995,710200,1195.2533,1157.6196,,
2019-04-12,1210.0,1218.349976,1208.109985,1217.869995,1217.869995,933400,1196.078,1159.6496,,
2019-04-15,1218.0,1224.199951,1209.109985,1221.099976,1221.099976,1187400,1197.9513,1161.8566,,
2019-04-16,1225.0,1230.819946,1220.119995,1227.130005,1227.130005,856300,1200.7853,1163.7432,,
2019-04-17,1233.0,1240.560059,1227.819946,1236.339966,1236.339966,1221900,1205.0067,1165.5502,,
2019-04-18,1239.180054,1242.0,1234.609985,1236.369995,1236.369995,1331800,1209.532,1167.973,,
2019-04-22,1235.98999,1249.089966,1228.310059,1248.839966,1248.839966,807300,1214.5673,1170.9756,,
2019-04-23,1250.689941,1269.0,1246.380005,1264.550049,1264.550049,1319900,1219.242,1174.3654,,
2019-04-24,1264.119995,1268.01001,1255.0,1256.0,1256.0,1018800,1222.9427,1177.5852,,
2019-04-25,1264.77002,1267.407959,1252.030029,1263.449951,1263.449951,1107300,1226.778,1180.4268,,
2019-04-26,1269.0,1273.069946,1260.319946,1272.180054,1272.180054,1241400,1230.59,1183.4672,,
2019-04-29,1274.0,1289.27002,1266.295044,1287.579956,1287.579956,2499400,1235.952,1186.7854,,
2019-04-30,1185.0,1192.810059,1175.0,1188.47998,1188.47998,6207000,1234.928,1188.282,,
2019-05-01,1188.050049,1188.050049,1167.180054,1168.079956,1168.079956,2639200,1232.9833,1189.2724,,
2019-05-02,1167.76001,1174.189941,1155.001953,1162.609985,1162.609985,1944800,1230.3467,1190.2486,,
2019-05-03,1173.650024,1186.800049,1169.0,1185.400024,1185.400024,1980700,1229.0653,1192.0172,,
2019-05-06,1166.26001,1190.849976,1166.26001,1189.390015,1189.390015,1563900,1227.1667,1193.5976,,
2019-05-07,1180.469971,1190.439941,1161.040039,1174.099976,1174.099976,1551400,1224.0333,1194.8916,,
2019-05-08,1172.01001,1180.42395,1165.73999,1166.27002,1166.27002,1309300,1219.976,1195.9144,,
2019-05-09,1159.030029,1169.660034,1150.849976,1162.380005,1162.380005,1185700,1215.0453,1196.8410000000001,,
2019-05-10,1163.589966,1172.599976,1142.5,1164.27002,1164.27002,1314500,1210.2387,1197.728,,
2019-05-13,1141.959961,1147.939941,1122.109985,1132.030029,1132.030029,1860600,1202.4513,1197.5488,,
2019-05-14,1137.209961,1140.420044,1119.550049,1120.439941,1120.439941,1836600,1192.844,1197.0016,1192.844,
2019-05-15,1117.869995,1171.329956,1116.666016,1164.209961,1164.209961,2289300,1186.7247,1197.0452,,
2019-05-16,1164.51001,1188.160034,1162.839966,1178.97998,1178.97998,1531400,1181.0933,1197.4676,,
2019-05-17,1168.469971,1180.150024,1160.01001,1162.300049,1162.300049,1208600,1173.768,1197.8476,,
2019-05-20,1144.5,1146.796997,1131.442993,1138.849976,1138.849976,1353300,1163.8527,1197.7782,,
2019-05-21,1148.48999,1152.708008,1137.939941,1149.630005,1149.630005,1159800,1161.2627,1197.2556,,
2019-05-22,1146.75,1158.52002,1145.890015,1151.420044,1151.420044,914500,1160.152,1196.42,,
2019-05-23,1140.5,1145.973022,1129.223999,1140.77002,1140.77002,1198900,1158.6960000000001,1195.369,,
2019-05-24,1147.359985,1149.765015,1131.660034,1133.469971,1133.469971,1112000,1155.234,1194.3274,,
2019-05-28,1134.0,1151.587036,1133.119995,1134.150024,1134.150024,1365000,1151.5513,1193.3212,,
2019-05-29,1127.52002,1129.099976,1108.219971,1116.459961,1116.459961,1538200,1147.7087,1191.9652,,
2019-05-30,1115.540039,1123.130005,1112.119995,1117.949951,1117.949951,951900,1144.4873,1190.3472,,
2019-05-31,1101.290039,1109.599976,1100.180054,1103.630005,1103.630005,1507800,1140.5707,1187.9404,,
2019-06-03,1065.5,1065.5,1025.0,1036.22998,1036.22998,5130600,1132.0347,1184.0342,,
2019-06-04,1042.900024,1056.050049,1033.689941,1053.050049,1053.050049,2833500,1126.7693,1180.9852,,
2019-06-05,1051.540039,1053.550049,1030.48999,1042.219971,1042.219971,2168400,1121.5547,1177.9696,,
2019-06-06,1044.98999,1047.48999,1033.699951,1044.339966,1044.339966,1703200,1113.5633,1175.164,,
2019-06-07,1050.630005,1070.920044,1048.400024,1066.040039,1066.040039,1802400,1106.0339999999999,1173.0244,,
2019-06-10,1072.97998,1092.660034,1072.3220210000004,1080.380005,1080.380005,1464200,1100.5727,1171.2622,,
2019-06-11,1093.97998,1101.98999,1077.603027,1078.719971,1078.719971,1436700,1096.5639999999999,1169.3704,,
2019-06-12,1078.0,1080.930054,1067.540039,1077.030029,1077.030029,1061000,1091.724,1167.0224,,
2019-06-13,1083.640015,1094.170044,1080.150024,1088.77002,1088.77002,1057700,1087.5473,1164.788,,
2019-06-14,1086.420044,1092.689941,1080.171997,1085.349976,1085.349976,1111500,1083.8527,1162.3766,,
2019-06-17,1086.280029,1099.180054,1086.280029,1092.5,1092.5,941600,1081.1213,1159.9266,,
2019-06-18,1109.689941,1116.390015,1098.98999,1103.599976,1103.599976,1386700,1079.0847,1157.8556,,
2019-06-19,1105.599976,1107.0,1093.47998,1102.329956,1102.329956,1338800,1078.1427,1155.8254,,
2019-06-20,1119.98999,1120.119995,1104.73999,1111.420044,1111.420044,1262000,1077.7073,1154.1088,,
2019-06-21,1109.23999,1124.109985,1108.079956,1121.880005,1121.880005,1947600,1078.924,1152.5032,,
2019-06-24,1119.609985,1122.0,1111.01001,1115.52002,1115.52002,1395600,1084.21,1150.7212,,
2019-06-25,1112.660034,1114.349976,1083.800049,1086.349976,1086.349976,1546900,1086.43,1148.0908,,
2019-06-26,1086.5,1092.969971,1072.23999,1079.800049,1079.800049,1810900,1088.9353,1145.2648,,
2019-06-27,1084.0,1087.099976,1075.290039,1076.01001,1076.01001,1004300,1091.0467,1142.2424,,
2019-06-28,1076.390015,1081.0,1073.369995,1080.910034,1080.910034,1693200,1092.038,1139.1338,,
2019-07-01,1098.0,1107.579956,1093.703003,1097.949951,1097.949951,1436300,1093.2093,1136.3654,,
2019-07-02,1102.23999,1111.77002,1098.170044,1111.25,1111.25,991600,1095.378,1133.6136,,
2019-07-03,1117.410034,1126.76001,1113.859985,1121.579956,1121.579956,767000,1098.348,1130.7542,,
2019-07-05,1117.800049,1132.880005,1116.140015,1131.589966,1131.589966,1264300,1101.2027,1128.266,,
2019-07-08,1125.170044,1125.97998,1111.209961,1116.349976,1116.349976,1236400,1103.2693,1125.3239999999996,,
2019-07-09,1111.800049,1128.025024,1107.170044,1124.829956,1124.829956,1330400,1105.4247,1122.377,,
2019-07-10,1131.219971,1142.050049,1130.969971,1140.47998,1140.47998,1209500,1107.8833,1119.435,,
2019-07-11,1143.25,1153.069946,1139.579956,1144.209961,1144.209961,1195500,1110.6753,1118.5496,,
2019-07-12,1143.98999,1147.339966,1138.780029,1144.900024,1144.900024,864000,1112.9073,1118.086,,
2019-07-15,1146.859985,1150.819946,1139.400024,1150.339966,1150.339966,903800,1114.8047,1117.8406,,
2019-07-16,1146.0,1158.579956,1145.0,1153.579956,1153.579956,1238800,1117.3419999999999,1117.2042,,1117.3419999999999
2019-07-17,1150.969971,1158.359985,1145.77002,1146.349976,1146.349976,1170000,1121.3419999999999,1116.3434,,
2019-07-18,1141.73999,1147.60498,1132.72998,1146.329956,1146.329956,1291300,1125.7773,1115.788,,
2019-07-19,1148.189941,1151.140015,1129.619995,1130.099976,1130.099976,1647200,1129.3833,1115.0646,,
2019-07-22,1133.449951,1139.25,1124.23999,1138.069946,1138.069946,1301500,1133.194,1114.5784,,
2019-07-23,1144.0,1146.900024,1131.800049,1146.209961,1146.209961,1093700,1136.4113,1114.2172,,
2019-07-24,1131.900024,1144.0,1126.98999,1137.810059,1137.810059,1589800,1138.182,1114.3328,,
2019-07-25,1137.819946,1141.699951,1120.920044,1132.119995,1132.119995,2209800,1138.8846,1114.5664,,
2019-07-26,1224.040039,1265.550049,1224.0,1250.410034,1250.410034,4805800,1146.806,1116.2904,,
2019-07-29,1241.050049,1247.369995,1228.22998,1239.410034,1239.410034,2223700,1155.01,1117.499,,
2019-07-30,1225.410034,1234.869995,1223.300049,1225.140015,1225.140015,1453300,1161.6973,1118.7558,,
2019-07-31,1223.0,1234.0,1207.764038,1216.680054,1216.680054,1725500,1166.7773,1120.3124,,
2019-08-01,1214.030029,1234.109985,1205.719971,1209.01001,1209.01001,1698500,1171.0973,1121.5,,
2019-08-02,1200.73999,1206.900024,1188.939941,1193.98999,1193.98999,1645100,1174.37,1122.3514,,
2019-08-05,1170.040039,1175.23999,1140.140015,1152.319946,1152.319946,2597500,1174.502,1122.5824,,
2019-08-06,1163.310059,1179.959961,1160.0,1169.949951,1169.949951,1709400,1175.5933,1123.312,,
2019-08-07,1156.0,1178.444946,1149.624023,1173.98999,1173.98999,1444300,1177.4360000000001,1124.1088,,
2019-08-08,1182.829956,1205.01001,1173.02002,1204.800049,1204.800049,1468000,1181.3339999999996,1125.8756,,
2019-08-09,1197.98999,1203.880005,1183.603027,1188.01001,1188.01001,1065700,1185.1947,1127.2768,,
2019-08-12,1179.209961,1184.959961,1167.671997,1174.709961,1174.709961,1003000,1187.6373,1128.6984,,
2019-08-13,1171.459961,1204.780029,1171.459961,1197.27002,1197.27002,1294400,1191.0413,1131.9192,,
2019-08-14,1176.310059,1182.300049,1160.540039,1164.290039,1164.290039,1578700,1192.8067,1134.144,,
2019-08-15,1163.5,1175.839966,1162.109985,1167.26001,1167.26001,1218700,1195.1493,1136.6448,,
2019-08-16,1179.550049,1182.719971,1171.810059,1177.599976,1177.599976,1313300,1190.2953,1139.31,,
2019-08-19,1190.089966,1206.98999,1190.089966,1198.449951,1198.449951,1231600,1187.5647,1141.9582,,
2019-08-20,1195.25,1196.060059,1182.109985,1182.689941,1182.689941,915500,1184.7347,1144.0044,,
2019-08-21,1193.150024,1199.0,1187.430054,1191.25,1191.25,740700,1183.0393,1146.255,,
2019-08-22,1194.069946,1198.0119630000004,1178.579956,1189.530029,1189.530029,947500,1181.7407,1148.505,,
2019-08-23,1181.98999,1194.079956,1147.75,1151.290039,1151.290039,1687000,1178.894,1149.7554,,
2019-08-26,1157.26001,1169.469971,1152.959961,1168.890015,1168.890015,1226100,1179.9987,1151.4262,,
2019-08-27,1180.530029,1182.400024,1161.449951,1167.839966,1167.839966,1077200,1179.858,1152.933,,
2019-08-28,1161.709961,1176.420044,1157.300049,1171.02002,1171.02002,802000,1179.66,1154.2814,,
2019-08-29,1181.119995,1196.060059,1181.119995,1192.849976,1192.849976,1088400,1178.8633,1156.0918,,
2019-08-30,1198.5,1198.5,1183.8029789999996,1188.099976,1188.099976,1129800,1178.8693,1157.6254,,
2019-09-03,1177.030029,1186.890015,1163.199951,1168.390015,1168.390015,1479900,1178.448,1158.5556,,
2019-09-04,1176.709961,1183.47998,1171.0,1181.410034,1181.410034,1068900,1177.3907,1159.8734,,
2019-09-05,1191.530029,1213.040039,1191.530029,1211.380005,1211.380005,1408100,1180.53,1162.374,,
2019-09-06,1208.130005,1212.015015,1202.521973,1204.930054,1204.930054,1072100,1183.0413,1164.8766,,
2019-09-09,1204.0,1220.0,1192.619995,1204.410034,1204.410034,1471900,1184.8287,1167.4446,,
2019-09-10,1195.150024,1210.0,1194.579956,1206.0,1206.0,1260100,1185.3319999999999,1169.9464,,
2019-09-11,1203.410034,1222.599976,1202.199951,1220.170044,1220.170044,1307000,1187.8307,1172.3908,,
2019-09-12,1224.300049,1241.859985,1223.02002,1234.25,1234.25,1725900,1190.6973,1174.8508,,
2019-09-13,1231.349976,1240.880005,1227.01001,1239.560059,1239.560059,1301400,1194.0327,1177.2104,,
2019-09-16,1229.52002,1239.560059,1225.609985,1231.300049,1231.300049,1053300,1199.3667,1179.2046,,
2019-09-17,1230.400024,1235.0,1223.689941,1229.150024,1229.150024,955100,1203.384,1181.4606,,
2019-09-18,1227.51001,1235.609985,1216.530029,1232.410034,1232.410034,1135100,1207.6887,1183.6122,,
2019-09-19,1232.060059,1244.439941,1232.02002,1238.709961,1238.709961,996000,1212.2014,1185.5768,,
2019-09-20,1233.119995,1243.319946,1223.079956,1229.930054,1229.930054,2270000,1214.6734,1187.2912,,
2019-09-23,1226.0,1239.089966,1224.170044,1234.030029,1234.030029,1062400,1217.7354,1189.0738,,
2019-09-24,1240.0,1246.73999,1210.680054,1218.76001,1218.76001,1583200,1221.0934,1190.4422,,
2019-09-25,1215.819946,1248.300049,1210.089966,1246.52002,1246.52002,1453000,1225.434,1192.3010000000004,,
2019-09-26,1241.959961,1245.0,1232.267944,1241.390015,1241.390015,1538000,1227.4347,1194.2018,,
2019-09-27,1243.01001,1244.02002,1214.449951,1225.089966,1225.089966,1353900,1228.7787,1195.777,,
2019-09-30,1220.969971,1226.0,1212.300049,1219.0,1219.0,1404100,1229.7514,1197.555,,
2019-10-01,1219.0,1231.22998,1203.579956,1205.099976,1205.099976,1273500,1229.6913,1198.8956,,
2019-10-02,1196.97998,1196.97998,1171.290039,1176.630005,1176.630005,1615100,1226.7887,1199.504,,
2019-10-03,1180.0,1189.060059,1162.430054,1187.829956,1187.829956,1621200,1223.694,1200.5044,,
2019-10-04,1191.890015,1211.439941,1189.170044,1209.0,1209.0,1162400,1221.6567,1202.042,,
2019-10-07,1204.400024,1218.203979,1203.75,1207.680054,1207.680054,842900,1220.0819999999999,1201.1874,,
2019-10-08,1197.589966,1206.079956,1189.01001,1189.130005,1189.130005,1039300,1217.414,1200.1818,,
2019-10-09,1199.349976,1208.349976,1197.630005,1202.310059,1202.310059,867700,1215.4073,1199.7252,,
2019-10-10,1198.579956,1215.0,1197.339966,1208.670044,1208.670044,846600,1213.4047,1199.565,,
2019-10-11,1222.209961,1228.390015,1213.73999,1215.449951,1215.449951,1272700,1212.4393,1199.6938,,
2019-10-14,1212.339966,1226.329956,1211.76001,1217.140015,1217.140015,867500,1211.3133,1200.1568,,
2019-10-15,1220.400024,1247.329956,1220.400024,1243.01001,1243.01001,1381700,1212.93,1201.9706,,
2019-10-16,1241.170044,1254.73999,1238.449951,1243.640015,1243.640015,1094600,1212.738,1203.4444,,
2019-10-17,1250.930054,1263.324951,1249.939941,1253.069946,1253.069946,952400,1213.5167,1205.026,,
2019-10-18,1253.459961,1258.890015,1241.079956,1245.48999,1245.48999,1352800,1214.8767,1205.8398,,
2019-10-21,1252.26001,1254.6290279999996,1240.599976,1246.150024,1246.150024,1027200,1216.6867,1207.0026,,
2019-10-22,1247.849976,1250.599976,1241.380005,1242.800049,1242.800049,1023800,1219.2,1208.3644,,
2019-10-23,1242.359985,1259.890015,1242.359985,1259.130005,1259.130005,911500,1224.7,1209.6016,,
2019-10-24,1260.900024,1264.0,1253.714966,1260.98999,1260.98999,1028100,1229.5773,1211.5356,,
2019-10-25,1251.030029,1269.599976,1250.01001,1265.130005,1265.130005,1213100,1233.3193,1213.493,,
2019-10-28,1275.449951,1299.310059,1272.540039,1290.0,1290.0,2613200,1238.8073,1215.741,,
2019-10-29,1276.22998,1281.589966,1257.212036,1262.619995,1262.619995,1886400,1243.7067,1217.0244,,
2019-10-30,1252.969971,1269.359985,1252.0,1261.290039,1261.290039,1408900,1247.6387,1218.5964,,
2019-10-31,1261.280029,1267.670044,1250.843018,1260.109985,1260.109985,1455700,1251.068,1219.9736,,
2019-11-01,1265.0,1274.619995,1260.5,1273.73999,1273.73999,1670100,1254.954,1221.6578,,
2019-11-04,1276.449951,1294.130005,1276.35498,1291.369995,1291.369995,1501000,1259.9027,1224.4594,,
2019-11-05,1292.890015,1298.930054,1291.2290039999998,1292.030029,1292.030029,1282700,1263.1707,1226.9222,,
2019-11-06,1289.459961,1293.72998,1282.5,1291.800049,1291.800049,1152700,1266.3813,1229.4014,,
2019-11-07,1294.280029,1323.73999,1294.244995,1308.859985,1308.859985,2030000,1270.1007,1232.1582,,
2019-11-08,1305.280029,1318.0,1304.36499,1311.369995,1311.369995,1251400,1274.4927,1234.5286,,
2019-11-11,1303.180054,1306.425049,1297.410034,1299.189941,1299.189941,1011900,1278.0287,1236.7504,,
2019-11-12,1300.0,1310.0,1295.77002,1298.800049,1298.800049,1085900,1281.762,1239.3586,,
2019-11-13,1294.069946,1304.300049,1293.51001,1298.0,1298.0,826700,1284.3533,1241.6904,,
2019-11-14,1297.5,1317.0,1295.650024,1311.459961,1311.459961,1193500,1287.718,1243.692,,
2019-11-15,1318.939941,1334.880005,1314.280029,1334.869995,1334.869995,1782600,1292.3673,1246.2908,,
2019-11-18,1332.219971,1335.529053,1317.5,1320.699951,1320.699951,1487400,1294.414,1248.6166,,
2019-11-19,1327.699951,1327.699951,1312.800049,1315.459961,1315.459961,1269200,1297.9367,1250.8058,,
2019-11-20,1311.73999,1315.0,1291.150024,1303.050049,1303.050049,1308600,1300.7207,1252.4634,,
2019-11-21,1301.47998,1312.589966,1293.0,1301.349976,1301.349976,995500,1303.47,1253.8054,,
2019-11-22,1305.619995,1308.72998,1291.410034,1295.339966,1295.339966,1385700,1304.91,1254.921,,
2019-11-25,1299.180054,1311.310059,1298.130005,1306.689941,1306.689941,1036200,1305.9313,1256.4288,,
2019-11-26,1309.859985,1314.800049,1305.089966,1313.550049,1313.550049,1069700,1307.366,1258.1168,,
2019-11-27,1315.0,1318.359985,1309.630005,1312.98999,1312.98999,995600,1308.7787,1259.7284,,
2019-11-29,1307.119995,1310.204956,1303.969971,1304.959961,1304.959961,587000,1308.5187,1261.0534,,
2019-12-02,1301.0,1305.829956,1281.0,1289.920044,1289.920044,1510900,1307.0887,1262.2532,,
2019-12-03,1279.569946,1298.46106,1279.0,1295.280029,1295.280029,1143800,1306.828,1263.4782,,
2019-12-04,1307.01001,1325.800049,1304.869995,1320.540039,1320.540039,1537500,1308.2773,1265.5138,,
2019-12-05,1328.0,1329.358032,1316.439941,1328.130005,1328.130005,1212700,1310.286,1267.146,,
2019-12-06,1333.439941,1344.0,1333.439941,1340.619995,1340.619995,1314800,1312.23,1269.1306,,
2019-12-09,1338.040039,1359.449951,1337.839966,1343.560059,1343.560059,1354300,1312.8093,1271.5,,
2019-12-10,1341.5,1349.974976,1336.040039,1344.660034,1344.660034,1094100,1314.4067,1274.0132,,
2019-12-11,1350.839966,1351.199951,1342.670044,1345.02002,1345.02002,850400,1316.3773,1276.8116,,
2019-12-12,1345.939941,1355.775024,1340.5,1350.27002,1350.27002,1281000,1319.5253,1280.2844,,
2019-12-13,1347.949951,1353.093018,1343.869995,1347.829956,1347.829956,1549600,1322.624,1283.4844,,
2019-12-16,1356.5,1364.680054,1352.670044,1361.170044,1361.170044,1397300,1327.0127,1286.5278,,
2019-12-17,1362.890015,1365.0,1351.322998,1355.119995,1355.119995,1854000,1330.2413,1289.4766,,
2019-12-18,1356.599976,1360.469971,1351.0,1352.619995,1352.619995,1522600,1332.846,1292.7464,,
2019-12-19,1351.819946,1358.099976,1348.984985,1356.040039,1356.040039,1469900,1335.7160000000001,1295.8210000000001,,
2019-12-20,1363.349976,1363.640015,1349.0,1349.589966,1349.589966,3315000,1338.6913,1298.6394,,
2019-12-23,1355.869995,1359.800049,1346.51001,1348.839966,1348.839966,883100,1342.6193,1301.3072,,
2019-12-24,1348.5,1350.26001,1342.780029,1343.560059,1343.560059,347500,1345.838,1303.8356,,
2019-12-26,1346.170044,1361.327026,1344.469971,1360.400024,1360.400024,667500,1348.4953,1306.1834,,
2019-12-27,1362.98999,1364.530029,1349.310059,1351.890015,1351.890015,1038400,1350.0793,1308.3484,,
2019-12-30,1350.0,1353.0,1334.02002,1336.140015,1336.140015,1050900,1349.7807,1310.0098,,
2019-12-31,1330.109985,1338.0,1329.084961,1337.02002,1337.02002,961800,1349.3447,1311.8404,,
2020-01-02,1341.550049,1368.140015,1341.550049,1367.369995,1367.369995,1406600,1350.8587,1314.2648,,
2020-01-03,1347.859985,1372.5,1345.543945,1360.660034,1360.660034,1186400,1351.9013,1316.622,,
2020-01-06,1350.0,1396.5,1350.0,1394.209961,1394.209961,1732300,1354.8307,1319.3236,,
2020-01-07,1397.939941,1402.98999,1390.380005,1393.339966,1393.339966,1502700,1357.8647,1321.9706,,
2020-01-08,1392.079956,1411.579956,1390.839966,1404.319946,1404.319946,1528000,1360.7413,1324.7544,,
2020-01-09,1420.569946,1427.329956,1410.27002,1419.829956,1419.829956,1500900,1365.0553,1327.351,,
2020-01-10,1427.560059,1434.928955,1418.349976,1429.72998,1429.72998,1820700,1370.1960000000001,1330.6932,,
2020-01-13,1436.130005,1440.52002,1426.02002,1439.22998,1439.22998,1652300,1375.7420000000006,1334.2520000000004,,
2020-01-14,1439.01001,1441.800049,1428.369995,1430.880005,1430.880005,1558900,1381.1613,1337.6674,,
2020-01-15,1430.209961,1441.39502,1430.209961,1439.199951,1439.199951,1282700,1387.1853,1340.9766,,
2020-01-16,1447.439941,1451.98999,1440.920044,1451.699951,1451.699951,1173700,1394.3947,1344.1832,,
2020-01-17,1462.910034,1481.295044,1458.219971,1480.390015,1480.390015,2396200,1402.394,1347.9504,,
2020-01-21,1479.119995,1491.849976,1471.199951,1484.400024,1484.400024,2036700,1411.2279999999994,1351.8024,,
2020-01-22,1491.0,1503.213989,1484.930054,1485.949951,1485.949951,1610800,1421.2153,1355.3442,,
2020-01-23,1487.640015,1495.52002,1482.099976,1486.650024,1486.650024,1351200,1431.1906,1358.8498,,
2020-01-24,1493.589966,1495.494995,1465.25,1466.709961,1466.709961,1784600,1437.8133,1362.2002,,
2020-01-27,1431.0,1438.069946,1421.199951,1433.900024,1433.900024,1755200,1442.6960000000001,1364.9022,,
2020-01-28,1443.0,1456.0,1432.469971,1452.560059,1452.560059,1577400,1446.586,1367.9934,,
2020-01-29,1458.800049,1465.430054,1446.73999,1458.630005,1458.630005,1077700,1450.9387,1370.9368,,
2020-01-30,1439.959961,1457.280029,1436.400024,1455.839966,1455.839966,1339400,1454.3733,1373.3562,,
2020-01-31,1468.900024,1470.130005,1428.530029,1434.22998,1434.22998,2417200,1455.3333,1375.6268,,
2020-02-03,1462.0,1490.0,1458.98999,1485.939941,1485.939941,3055200,1459.0807,1379.0364,,
2020-02-04,1457.069946,1469.5,1426.300049,1447.069946,1447.069946,3933000,1459.6033,1381.9168,,
2020-02-05,1462.420044,1463.839966,1430.560059,1448.22998,1448.22998,1986200,1460.76,1384.8544,,
2020-02-06,1450.329956,1482.0,1449.569946,1476.22998,1476.22998,1679400,1463.2287,1388.4722,,
2020-02-07,1467.300049,1485.839966,1466.349976,1479.22998,1479.22998,1172300,1465.0639999999999,1391.9229999999998,,
2020-02-10,1474.319946,1509.5,1474.319946,1508.680054,1508.680054,1419900,1466.95,1395.8256,,
2020-02-11,1511.810059,1529.630005,1505.637939,1508.790039,1508.790039,1344600,1468.576,1399.7416,,
2020-02-12,1514.47998,1520.694946,1508.109985,1518.27002,1518.27002,1167600,1470.7307,1404.0078,,
2020-02-13,1512.689941,1527.180054,1504.599976,1514.660034,1514.660034,929500,1472.598,1408.5026,,
2020-02-14,1515.599976,1520.73999,1507.339966,1520.73999,1520.73999,1197800,1476.2,1413.0118,,
2020-02-18,1515.0,1531.630005,1512.589966,1519.670044,1519.670044,1120700,1481.918,1416.9944,,
2020-02-19,1525.069946,1532.105957,1521.400024,1526.689941,1526.689941,949300,1486.86,1420.9656,,
2020-02-20,1522.0,1529.640015,1506.819946,1518.150024,1518.150024,1096600,1490.828,1424.5162,,
2020-02-21,1508.030029,1512.214966,1480.439941,1485.109985,1485.109985,1731700,1492.7793,1427.3472,,
2020-02-24,1426.109985,1436.969971,1411.390015,1421.589966,1421.589966,2867100,1491.9367,1428.8858,,
2020-02-25,1433.0,1438.140015,1382.400024,1388.449951,1388.449951,2478300,1485.4373,1429.7544,,
2020-02-26,1396.140015,1415.699951,1379.0,1393.180054,1393.180054,2202400,1481.8447,1430.6126,,
2020-02-27,1362.060059,1371.703979,1317.170044,1318.089966,1318.089966,2978300,1473.1687,1430.0178,,
2020-02-28,1277.5,1341.140015,1271.0,1339.329956,1339.329956,3790600,1464.0420000000001,1429.5810000000001,,
2020-03-02,1351.609985,1390.869995,1326.814941,1389.109985,1389.109985,2431500,1458.0339999999999,1430.2608,,
2020-03-03,1399.420044,1410.150024,1332.0,1341.390015,1341.390015,2402300,1446.8813,1430.0362,,
2020-03-04,1359.22998,1388.089966,1343.109985,1386.52002,1386.52002,1913300,1438.73,1430.6458,,
2020-03-05,1350.199951,1358.910034,1305.099976,1319.040039,1319.040039,2561300,1425.4479999999999,1430.0348,1425.4479999999999,
2020-03-06,1277.060059,1306.219971,1261.050049,1298.410034,1298.410034,2660600,1411.0313,1429.0262,,
2020-03-09,1205.300049,1254.76001,1200.0,1215.560059,1215.560059,3365400,1390.6860000000001,1426.4662,,
2020-03-10,1260.0,1281.150024,1218.77002,1280.390015,1280.390015,2611400,1374.734,1424.866,,
2020-03-11,1249.699951,1260.959961,1196.069946,1215.410034,1215.410034,2608500,1353.9820000000002,1422.1364,,
2020-03-12,1126.0,1193.869995,1113.300049,1114.910034,1114.910034,4226700,1327.0993,1417.7118,,
2020-03-13,1179.0,1219.76001,1117.142944,1219.72998,1219.72998,3700100,1309.4073,1415.366,,
2020-03-16,1096.0,1152.266968,1074.439941,1084.329956,1084.329956,4252400,1286.9233,1409.7052,,
2020-03-17,1093.109985,1130.859985,1056.01001,1119.800049,1119.800049,3861500,1269.0133,1404.888,,
2020-03-18,1056.51001,1106.5,1037.280029,1096.800049,1096.800049,4233400,1249.2547,1398.9398,,
2020-03-19,1093.050049,1157.969971,1060.108032,1115.290039,1115.290039,3651100,1235.7347,1393.3788,,
2020-03-20,1135.719971,1143.98999,1065.48999,1072.319946,1072.319946,3601800,1217.934,1386.7388,,
2020-03-23,1061.319946,1071.319946,1013.536011,1056.619995,1056.619995,4040500,1195.768,1379.4746,,
2020-03-24,1103.77002,1135.0,1090.619995,1134.459961,1134.459961,3344500,1181.9727,1373.5692,,
2020-03-25,1126.469971,1148.900024,1086.01001,1102.48999,1102.48999,4081500,1163.0373,1366.8344,,
2020-03-26,1111.800049,1169.969971,1093.530029,1161.75,1161.75,3571700,1152.5513,1361.4518,,
2020-03-27,1125.670044,1150.670044,1105.910034,1110.709961,1110.709961,3208500,1140.038,1354.882,,
2020-03-30,1125.040039,1151.630005,1096.47998,1146.819946,1146.819946,2574100,1135.4553,1348.7844,,
2020-03-31,1147.300049,1175.310059,1138.140015,1162.810059,1162.810059,2486400,1127.6167,1342.4328,,
2020-04-01,1122.0,1129.689941,1097.449951,1105.619995,1105.619995,2344200,1120.2973,1334.8572,,
2020-04-02,1098.26001,1126.859985,1096.400024,1120.839966,1120.839966,1964900,1120.6927,1327.555,,
2020-04-03,1119.015015,1123.540039,1079.810059,1097.880005,1097.880005,2313400,1112.5693,1319.7796,,
2020-04-06,1138.0,1194.660034,1130.939941,1186.920044,1186.920044,2664700,1119.4087,1314.1838,,
2020-04-07,1221.0,1225.0,1182.22998,1186.51001,1186.51001,2387300,1123.856,1309.236,,
2020-04-08,1206.5,1219.069946,1188.160034,1210.280029,1210.280029,1975100,1131.4213,1304.3904,,
2020-04-09,1224.079956,1225.569946,1196.734985,1211.449951,1211.449951,2175400,1137.8319999999999,1299.4468,,
2020-04-13,1209.180054,1220.51001,1187.598022,1217.560059,1217.560059,1739800,1147.5147,1294.6812,,
2020-04-14,1245.089966,1282.069946,1236.930054,1269.22998,1269.22998,2470400,1161.6887,1291.3812,,
2020-04-15,1245.609985,1280.459961,1240.400024,1262.469971,1262.469971,1671700,1170.2227,1286.9118,,
2020-04-16,1274.099976,1279.0,1242.619995,1263.469971,1263.469971,2518100,1180.9547,1283.2398,,
2020-04-17,1284.849976,1294.430054,1271.22998,1283.25,1283.25,1949000,1189.0547,1279.9402,,
2020-04-20,1271.0,1281.599976,1261.369995,1266.609985,1266.609985,1695500,1199.448,1275.7478,,
2020-04-21,1247.0,1254.27002,1209.709961,1216.339966,1216.339966,2153000,1204.0827,1270.49,,
2020-04-22,1245.540039,1285.6130369999996,1242.0,1263.209961,1263.209961,2093100,1210.776,1265.5806,,
2020-04-23,1271.550049,1293.310059,1265.670044,1276.310059,1276.310059,1566200,1222.1553,1260.931,,
2020-04-24,1261.170044,1280.400024,1249.449951,1279.310059,1279.310059,1640400,1232.72,1256.1518,,
2020-04-27,1296.0,1296.150024,1269.0,1275.880005,1275.880005,1600600,1244.5867,1251.3762,,
2020-04-28,1287.930054,1288.050049,1232.199951,1233.670044,1233.670044,2951300,1247.7033,1245.6348,,1247.7033
2020-04-29,1341.459961,1359.98999,1325.339966,1341.47998,1341.47998,3793600,1258.0347,1242.0710000000001,,
2020-04-30,1324.880005,1352.819946,1322.48999,1348.660034,1348.660034,2665400,1267.26,1238.5104,,
2020-05-01,1328.5,1352.069946,1311.0,1320.609985,1320.609985,2072500,1274.5373,1234.5596,,
2020-05-04,1308.22998,1327.660034,1299.0,1326.800049,1326.800049,1504000,1281.82,1231.3934,,
2020-05-05,1337.920044,1373.939941,1337.459961,1351.109985,1351.109985,1651500,1287.2787,1229.9838,,
2020-05-06,1361.689941,1371.119995,1347.290039,1347.300049,1347.300049,1215400,1292.934,1229.1608,,
2020-05-07,1365.939941,1377.599976,1355.27002,1372.560059,1372.560059,1397600,1300.2067,1228.7484,,
2020-05-08,1383.130005,1398.76001,1375.47998,1388.369995,1388.369995,1388100,1307.2147,1230.154,,
2020-05-11,1378.280029,1416.530029,1377.151978,1403.26001,1403.26001,1410600,1316.3247,1231.4326,,
2020-05-12,1407.119995,1415.0,1374.77002,1375.73999,1375.73999,1390600,1326.9514,1231.1652,,
2020-05-13,1377.050049,1385.482056,1328.400024,1349.329956,1349.329956,1812600,1332.6927,1231.3239999999996,,
2020-05-14,1335.02002,1357.420044,1323.910034,1356.130005,1356.130005,1603100,1338.014,1230.7162,,
2020-05-15,1350.0,1374.47998,1339.0,1373.189941,1373.189941,1707700,1344.2727,1231.7992,,
2020-05-18,1361.75,1392.324951,1354.25,1383.939941,1383.939941,1824000,1351.4767,1233.5098,,
2020-05-19,1386.996948,1392.0,1373.484985,1373.484985,1373.484985,1280600,1360.7977,1236.6683,,
2020-05-20,1389.579956,1410.420044,1387.25,1406.719971,1406.719971,1655400,1365.1470000000004,1239.1949,,
2020-05-21,1408.0,1415.48999,1393.449951,1402.800049,1402.800049,1385000,1368.7563,1242.9427,,
2020-05-22,1396.709961,1412.76001,1391.829956,1410.420044,1410.420044,1309400,1374.7437,1248.8529,,
2020-05-26,1437.27002,1441.0,1412.130005,1417.02002,1417.02002,2060600,1380.7583,1252.7987,,
2020-05-27,1417.25,1421.73999,1391.290039,1417.839966,1417.839966,1685800,1385.207,1259.4689,,
2020-05-28,1396.859985,1440.839966,1396.0,1416.72998,1416.72998,1692200,1389.8357,1265.4075,,
2020-05-29,1416.939941,1432.569946,1413.349976,1428.920044,1428.920044,1838100,1393.5929999999994,1272.0499,,
2020-06-01,1418.390015,1437.959961,1418.0,1431.819946,1431.819946,1217100,1396.4897,1278.3805,,
2020-06-02,1430.550049,1439.609985,1418.829956,1439.219971,1439.219971,1278100,1398.8870000000006,1285.7185,,
2020-06-03,1438.300049,1446.552002,1429.776978,1436.380005,1436.380005,1256200,1402.9297,1293.3137,,
2020-06-04,1430.400024,1438.959961,1404.72998,1412.180054,1412.180054,1484300,1407.1197,1298.8681,,
2020-06-05,1413.170044,1445.050049,1406.0,1438.390015,1438.390015,1734900,1412.6037,1305.5861,,
2020-06-08,1422.339966,1447.98999,1422.339966,1446.609985,1446.609985,1404200,1417.4983,1311.2833,,
2020-06-09,1445.359985,1468.0,1443.209961,1456.160034,1456.160034,1409200,1422.3129999999999,1318.1923,,
2020-06-10,1459.540039,1474.259033,1456.27002,1465.849976,1465.849976,1525200,1428.4707,1324.5729,,
2020-06-11,1442.47998,1454.474976,1402.0,1403.839966,1403.839966,1991300,1428.2787,1329.3935,,
2020-06-12,1428.48999,1437.0,1386.02002,1413.180054,1413.180054,1944200,1428.9707,1335.5447,,
2020-06-15,1390.800049,1424.800049,1387.920044,1419.849976,1419.849976,1503900,1429.5993,1341.5249,,
2020-06-16,1445.219971,1455.02002,1425.900024,1442.719971,1442.719971,1709200,1431.3127,1348.4217,,
2020-06-17,1447.160034,1460.0,1431.380005,1451.119995,1451.119995,1548300,1433.5313,1353.7057,,
2020-06-18,1449.160034,1451.410034,1427.01001,1435.959961,1435.959961,1581900,1434.8133,1358.6947,,
2020-06-19,1444.0,1447.800049,1421.349976,1431.719971,1431.719971,3157900,1435.0,1363.1235,,
2020-06-22,1429.0,1452.75,1423.209961,1451.859985,1451.859985,1542400,1436.336,1367.9317,,
2020-06-23,1455.640015,1475.94104,1445.23999,1464.410034,1464.410034,1429800,1438.0153,1372.8687,,
2020-06-24,1461.51001,1475.420044,1429.75,1431.969971,1431.969971,1756000,1437.7213,1376.1235,,
2020-06-25,1429.900024,1442.900024,1420.0,1441.329956,1441.329956,1230500,1439.6647,1379.7007,,
2020-06-26,1431.390015,1433.449951,1351.98999,1359.900024,1359.900024,4267700,1434.432,1381.6293,,
2020-06-29,1358.180054,1395.599976,1347.01001,1394.969971,1394.969971,1810200,1430.9893,1383.8637,,
2020-06-30,1390.439941,1418.650024,1383.959961,1413.609985,1413.609985,2042400,1428.1527,1386.8037,,
2020-07-01,1411.099976,1443.0,1409.819946,1438.040039,1438.040039,1775200,1426.2987,1391.2377,,
2020-07-02,1446.939941,1482.949951,1446.420044,1464.699951,1464.699951,1859100,1430.356,1395.2675,,
2020-07-06,1480.060059,1506.589966,1472.859985,1495.699951,1495.699951,1564000,1435.8573,1399.6553,,
2020-07-07,1490.0,1516.800049,1483.550049,1485.180054,1485.180054,1458200,1440.2127,1403.7727,,
2020-07-08,1494.319946,1505.880005,1485.630005,1496.0,1496.0,1249700,1443.7647,1408.1751,,
2020-07-09,1506.449951,1522.719971,1488.084961,1510.98999,1510.98999,1423300,1447.756,1413.7215,,
2020-07-10,1506.150024,1543.829956,1496.540039,1541.73999,1541.73999,1856300,1454.808,1417.7267,,
2020-07-13,1550.0,1577.131958,1505.243042,1511.339966,1511.339966,1846400,1460.116,1420.9803,,
2020-07-14,1490.310059,1522.949951,1483.5,1520.579956,1520.579956,1585000,1464.6973,1424.9797,,
2020-07-15,1523.130005,1535.329956,1498.0,1513.640015,1513.640015,1610700,1467.9793,1428.7165,,
2020-07-16,1500.0,1518.689941,1486.310059,1518.0,1518.0,1519300,1473.7147,1432.0543,,
2020-07-17,1521.619995,1523.439941,1498.420044,1515.550049,1515.550049,1456700,1478.6627,1435.4193,,
2020-07-20,1515.26001,1570.290039,1503.599976,1565.719971,1565.719971,1557300,1492.384,1439.2825,,
2020-07-21,1586.98999,1586.98999,1554.280029,1558.420044,1558.420044,1218600,1503.2807,1442.6835,,
2020-07-22,1560.5,1570.0,1546.099976,1568.48999,1568.48999,932000,1513.606,1445.9881,,
2020-07-23,1566.969971,1571.869995,1507.391968,1515.680054,1515.680054,1627600,1518.7820000000006,1448.7869,,
2020-07-24,1498.930054,1517.635986,1488.400024,1511.869995,1511.869995,1544000,1521.9267,1452.0377,,
2020-07-27,1515.599976,1540.969971,1515.209961,1530.199951,1530.199951,1246000,1524.2267,1455.5191,,
2020-07-28,1525.180054,1526.47998,1497.660034,1500.339966,1500.339966,1702200,1525.2373,1458.0621,,
2020-07-29,1506.319946,1531.251953,1501.329956,1522.02002,1522.02002,1106500,1526.9720000000002,1460.8237,,
2020-07-30,1497.0,1537.869995,1492.219971,1531.449951,1531.449951,1671400,1528.336,1463.983,,
2020-07-31,1505.01001,1508.949951,1454.030029,1482.959961,1482.959961,3439900,1524.4173,1465.5078,,
2020-08-03,1486.640015,1490.469971,1465.640015,1474.449951,1474.449951,2330200,1521.9579999999999,1466.9408,,
2020-08-04,1476.569946,1485.560059,1458.650024,1464.969971,1464.969971,1903500,1518.2507,1468.0318,,
2020-08-05,1469.300049,1482.410034,1463.459961,1473.609985,1473.609985,1979500,1515.582,1469.1636,,
2020-08-06,1471.75,1502.390015,1466.0,1500.099976,1500.099976,1995400,1514.3887,1470.8088,,
2020-08-07,1500.0,1516.844971,1481.640015,1494.48999,1494.48999,1576600,1512.9847,1472.364,,
2020-08-10,1487.180054,1504.074951,1473.079956,1496.099976,1496.099976,1289300,1508.3433,1473.7076,,
2020-08-11,1492.439941,1510.0,1478.0,1480.319946,1480.319946,1454400,1503.1366,1474.6776,,
2020-08-12,1485.579956,1512.385986,1485.25,1506.619995,1506.619995,1437700,1499.0120000000006,1476.0256,,
2020-08-13,1510.339966,1537.25,1508.005005,1518.449951,1518.449951,1455200,1499.1966,1477.6670000000001,,
2020-08-14,1515.660034,1521.900024,1502.880005,1507.72998,1507.72998,1354800,1498.9206,1479.578,,
2020-08-17,1514.670044,1525.609985,1507.969971,1517.97998,1517.97998,1378300,1498.106,1481.1698,,
2020-08-18,1526.180054,1562.469971,1523.709961,1558.599976,1558.599976,2027100,1501.99,1483.4096,,
2020-08-19,1553.310059,1573.680054,1543.949951,1547.530029,1547.530029,1660600,1503.6906,1485.237,,
2020-08-20,1543.449951,1585.869995,1538.199951,1581.75,1581.75,1706900,1507.0439999999999,1487.555,,
2020-08-21,1577.030029,1597.719971,1568.005005,1580.420044,1580.420044,1446500,1513.5413,1491.0866,,
2020-08-24,1593.97998,1614.170044,1580.569946,1588.199951,1588.199951,1409900,1521.1246,1494.5870000000002,,
2020-08-25,1582.069946,1611.619995,1582.069946,1608.219971,1608.219971,2247100,1530.6746,1498.3544,,
2020-08-26,1608.0,1659.219971,1603.599976,1652.380005,1652.380005,3993400,1542.5927,1502.5476,,
2020-08-27,1653.680054,1655.0,1625.75,1634.329956,1634.329956,1861600,1551.5413,1506.2118,,
2020-08-28,1633.48999,1647.170044,1630.75,1644.410034,1644.410034,1499800,1561.536,1510.3808,,
2020-08-31,1647.890015,1647.964966,1630.310059,1634.180054,1634.180054,1823400,1570.7413,1514.43,,
2020-09-01,1636.630005,1665.72998,1632.219971,1660.709961,1660.709961,1826700,1582.7673,1518.6070000000002,,
2020-09-02,1673.775024,1733.180054,1666.329956,1728.280029,1728.280029,2511200,1597.5447,1523.8844,,
2020-09-03,1709.713989,1709.713989,1615.060059,1641.839966,1641.839966,3107800,1605.7707,1528.0818,,
2020-09-04,1624.26001,1645.109985,1547.6130369999994,1591.040039,1591.040039,2608600,1611.3247,1531.076,,
2020-09-08,1533.51001,1563.86499,1528.01001,1532.390015,1532.390015,2610900,1612.2853,1534.5258,,
2020-09-09,1557.530029,1569.0,1536.051025,1556.959961,1556.959961,1774700,1612.1760000000006,1537.7656,,
2020-09-10,1560.640015,1584.081055,1525.805054,1532.02002,1532.02002,1618600,1611.142,1540.1338,,
2020-09-11,1536.0,1575.199951,1497.359985,1520.719971,1520.719971,1597100,1607.0733,1541.7874,,
2020-09-14,1539.005005,1564.0,1515.73999,1519.280029,1519.280029,1696600,1602.9973,1542.879,,
2020-09-15,1536.0,1559.569946,1531.834961,1541.439941,1541.439941,1331100,1599.88,1543.7938,,
2020-09-16,1555.540039,1562.0,1519.819946,1520.900024,1520.900024,1311700,1594.0587,1544.5082,,
2020-09-17,1496.0,1508.297974,1470.0,1495.530029,1495.530029,1879800,1583.602,1544.4988,,
2020-09-18,1498.01001,1503.003052,1437.130005,1459.98999,1459.98999,3103900,1571.9793,1543.4788,,
2020-09-21,1440.060059,1448.359985,1406.550049,1431.160034,1431.160034,2888800,1557.7627,1541.2672,,
